Unnamed: 0,geonameid,name,asciiname,latitude,longitude,feature_class,feature_code,country_code,cc2,admin1_code,admin2_code,admin3_code,admin4_code,population,elevation,dem,timezone,modification_date,othername0,othername1,othername2,othername3,othername4,othername5,othername6,othername7,othername8,othername9,othername10,othername11,othername12,othername13,othername14,othername15,othername16,othername17,othername18,othername19,othername20,othername21,othername22,othername23,othername24,othername25,othername26,othername27,othername28,othername29,othername30,othername31,othername32,othername33,othername34,othername35,othername36,othername37,othername38,othername39,othername40,othername41,othername42,othername43,othername44,othername45,othername46,othername47,othername48,othername49,othername50,othername51,othername52,othername53,othername54,othername55,othername56,othername57,othername58,othername59,othername60,othername61,othername62,othername63,othername64,othername65,othername66
40000,3457989,Laje de Mangaratiba,Laje de Mangaratiba,-23.01205,-44.07714,T,RK,BR,,21.0,,,,0,,-9999,America/Sao_Paulo,2018-11-06,Laje de Mangaratiba,,,,,,,,,,,,,,,,,,,,,,,,,,,,,,,,,,,,,,,,,,,,,,,,,,,,,,,,,,,,,,,,,,
40001,3457990,Baía de Mangaratiba,Baia de Mangaratiba,-22.9551,-44.0583,H,BAY,BR,,21.0,,,,0,,-9999,America/Sao_Paulo,2012-01-19,Baia de Mangaratiba,Baía de Mangaratiba,,,,,,,,,,,,,,,,,,,,,,,,,,,,,,,,,,,,,,,,,,,,,,,,,,,,,,,,,,,,,,,,,
40052,3458041,Ilha de Mandigituba,Ilha de Mandigituba,-26.20242,-48.49168,T,ISL,BR,,26.0,4216206.0,,,0,,24,America/Sao_Paulo,2017-12-20,Ilha de Mandigituba,Ilha de Montegituba,Mondijituba Island,,,,,,,,,,,,,,,,,,,,,,,,,,,,,,,,,,,,,,,,,,,,,,,,,,,,,,,,,,,,,,,,
40096,3458085,Saco do Mamanguá,Saco do Mamangua,-23.26729,-44.63069,H,INLT,BR,,21.0,,,,0,,47,America/Sao_Paulo,2018-11-06,Baia de Mamangua,Baía de Mamanguá,Saco de Mamangua,Saco de Mamanguá,Saco do Mamangua,Saco do Mamanguá,,,,,,,,,,,,,,,,,,,,,,,,,,,,,,,,,,,,,,,,,,,,,,,,,,,,,,,,,,,,,
40152,3458141,Rio Magé,Rio Mage,-22.7,-43.05,H,STM,BR,,21.0,,,,0,,-9999,America/Sao_Paulo,2021-08-13,Mage River,Magé River,Rio Mage,Rio Magé,Rio Maje,Rio Majé,,,,,,,,,,,,,,,,,,,,,,,,,,,,,,,,,,,,,,,,,,,,,,,,,,,,,,,,,,,,,
40160,3458149,Ponta da Mãe Maria,Ponta da Mae Maria,-22.81667,-43.26667,T,PT,BR,,21.0,,,,0,,1,America/Sao_Paulo,2012-12-05,Ponta da Mae Maria,Ponta da Mãe Maria,,,,,,,,,,,,,,,,,,,,,,,,,,,,,,,,,,,,,,,,,,,,,,,,,,,,,,,,,,,,,,,,,
40166,3458155,Ilha da Mãe,Ilha da Mae,-22.98374,-43.06515,T,ISL,BR,,21.0,3303302.0,,,0,,64,America/Sao_Paulo,2017-12-26,Ilha da Mae,Ilha da Mãe,,,,,,,,,,,,,,,,,,,,,,,,,,,,,,,,,,,,,,,,,,,,,,,,,,,,,,,,,,,,,,,,,
40185,3458174,Ilha dos Macucos,Ilha dos Macucos,-27.21667,-48.48333,T,ISL,BR,,26.0,,,,0,,-9999,America/Sao_Paulo,2012-01-19,Ilha do Amendoim,Ilha dos Macucos,,,,,,,,,,,,,,,,,,,,,,,,,,,,,,,,,,,,,,,,,,,,,,,,,,,,,,,,,,,,,,,,,
40291,3458280,Ilha dos Macacos,Ilha dos Macacos,-23.07919,-44.23466,T,ISL,BR,,21.0,3300100.0,,,0,,104,America/Sao_Paulo,2014-04-08,Ilha dos Macacos,,,,,,,,,,,,,,,,,,,,,,,,,,,,,,,,,,,,,,,,,,,,,,,,,,,,,,,,,,,,,,,,,,
40390,3458379,Ilha do Lucínio,Ilha do Lucinio,-23.08333,-44.01667,T,ISL,BR,,21.0,,,,0,,-9999,America/Sao_Paulo,2020-06-11,Ilha do Lucinio,Ilha do Lucínio,Ilha do Sino,,,,,,,,,,,,,,,,,,,,,,,,,,,,,,,,,,,,,,,,,,,,,,,,,,,,,,,,,,,,,,,,
40470,3458459,Ilha dos Lobos,Ilha dos Lobos,-28.44703,-48.70879,T,ISL,BR,,26.0,4209409.0,,,0,,18,America/Sao_Paulo,2016-06-13,,,,,,,,,,,,,,,,,,,,,,,,,,,,,,,,,,,,,,,,,,,,,,,,,,,,,,,,,,,,,,,,,,,
40471,3458460,Ilha dos Lôbos,Ilha dos Lobos,-26.49773,-48.58399,T,ISL,BR,,26.0,4202057.0,,,0,,-9999,America/Sao_Paulo,2016-06-13,Ilha dos Lobos,Ilha dos Lôbos,Pequena dos Lobos,,,,,,,,,,,,,,,,,,,,,,,,,,,,,,,,,,,,,,,,,,,,,,,,,,,,,,,,,,,,,,,,
40473,3458462,Ponta do Lôbo,Ponta do Lobo,-23.73333,-45.26667,T,PT,BR,,27.0,,,,0,,-9999,America/Sao_Paulo,2013-03-05,Ponta do Lobo,Ponta do Lôbo,,,,,,,,,,,,,,,,,,,,,,,,,,,,,,,,,,,,,,,,,,,,,,,,,,,,,,,,,,,,,,,,,
40501,3458490,Ponta Lisa,Ponta Lisa,-23.58333,-45.2,T,PT,BR,,27.0,,,,0,,-9999,America/Sao_Paulo,2013-03-05,Ponta Lisa,,,,,,,,,,,,,,,,,,,,,,,,,,,,,,,,,,,,,,,,,,,,,,,,,,,,,,,,,,,,,,,,,,
40535,3458524,Ponta dos Limões,Ponta dos Limoes,-23.99833,-46.32046,T,PT,BR,,27.0,3518701.0,,,0,,1,America/Sao_Paulo,2016-06-15,Ponta do Engenho,Ponta dos Limoes,Ponta dos Limões,,,,,,,,,,,,,,,,,,,,,,,,,,,,,,,,,,,,,,,,,,,,,,,,,,,,,,,,,,,,,,,,
40636,3458625,Ponta Leste,Ponta Leste,-23.78333,-45.11667,T,PT,BR,,27.0,,,,0,,-9999,America/Sao_Paulo,2013-03-05,Ponta Leste,,,,,,,,,,,,,,,,,,,,,,,,,,,,,,,,,,,,,,,,,,,,,,,,,,,,,,,,,,,,,,,,,,
40637,3458626,Coroa Leste,Coroa Leste,-17.71667,-39.1,H,RF,BR,,5.0,,,,0,,-9999,America/Bahia,2012-12-05,Coroa Leste,,,,,,,,,,,,,,,,,,,,,,,,,,,,,,,,,,,,,,,,,,,,,,,,,,,,,,,,,,,,,,,,,,
40663,3458652,Ponta do Lenço,Ponta do Lenco,-23.78333,-45.13333,T,PT,BR,,27.0,,,,0,,-9999,America/Sao_Paulo,2013-03-05,Ponta do Lenco,Ponta do Lenço,,,,,,,,,,,,,,,,,,,,,,,,,,,,,,,,,,,,,,,,,,,,,,,,,,,,,,,,,,,,,,,,,
40670,3458659,Ponta do Leme,Ponta do Leme,-22.96454,-43.16128,T,PT,BR,,21.0,3304557.0,,,0,,77,America/Sao_Paulo,2016-07-05,Leme Point,Ponta do Leme,,,,,,,,,,,,,,,,,,,,,,,,,,,,,,,,,,,,,,,,,,,,,,,,,,,,,,,,,,,,,,,,,
40743,3458732,Ponta dos Latinos,Ponta dos Latinos,-32.75,-52.98333,T,PT,BR,,23.0,,,,0,,0,America/Sao_Paulo,2018-12-05,Ponta dos Latinos,,,,,,,,,,,,,,,,,,,,,,,,,,,,,,,,,,,,,,,,,,,,,,,,,,,,,,,,,,,,,,,,,,
40744,3458733,Ponta da Latina,Ponta da Latina,-23.22471,-44.16058,T,PT,BR,,21.0,,,,0,,74,America/Sao_Paulo,2018-11-06,Ponta Latina,Ponta da Latina,,,,,,,,,,,,,,,,,,,,,,,,,,,,,,,,,,,,,,,,,,,,,,,,,,,,,,,,,,,,,,,,,
40799,3458788,Saco do Laranjal,Saco do Laranjal,-31.73333,-52.13333,H,BGHT,BR,,23.0,,,,0,,-9999,America/Sao_Paulo,1993-12-17,,,,,,,,,,,,,,,,,,,,,,,,,,,,,,,,,,,,,,,,,,,,,,,,,,,,,,,,,,,,,,,,,,,
40864,3458853,Saco do Lami,Saco do Lami,-30.24919,-51.08411,H,COVE,BR,,23.0,,,,0,,-9999,America/Sao_Paulo,2021-04-10,Saco do Lami,,,,,,,,,,,,,,,,,,,,,,,,,,,,,,,,,,,,,,,,,,,,,,,,,,,,,,,,,,,,,,,,,,
40869,3458858,Lameirão,Lameirao,-20.68333,-40.53333,P,PPL,BR,,8.0,3202405.0,,,0,,1,America/Sao_Paulo,2012-12-05,Lameirao,Lameirão,,,,,,,,,,,,,,,,,,,,,,,,,,,,,,,,,,,,,,,,,,,,,,,,,,,,,,,,,,,,,,,,,
41078,3459067,Ilha da Laje,Ilha da Laje,-22.93453,-43.14688,T,ISL,BR,,21.0,3304557.0,,,0,,-9999,America/Sao_Paulo,2016-07-05,Ilha Laje,Ilha da Lage,Ilha da Laje,,,,,,,,,,,,,,,,,,,,,,,,,,,,,,,,,,,,,,,,,,,,,,,,,,,,,,,,,,,,,,,,
41347,3459336,Ponta do Lagarto,Ponta do Lagarto,-22.81111,-43.26556,T,PT,BR,,21.0,3304557.0,,,0,,2,America/Sao_Paulo,2012-12-05,Ponta do Lagarto,,,,,,,,,,,,,,,,,,,,,,,,,,,,,,,,,,,,,,,,,,,,,,,,,,,,,,,,,,,,,,,,,,
41415,3459404,Enseada de Jurujuba,Enseada de Jurujuba,-22.92056,-43.12367,H,COVE,BR,,21.0,,,,0,,1,America/Sao_Paulo,2012-01-19,Enseada de Jurujuba,,,,,,,,,,,,,,,,,,,,,,,,,,,,,,,,,,,,,,,,,,,,,,,,,,,,,,,,,,,,,,,,,,
41439,3459428,Praia da Juréia,Praia da Jureia,-24.61667,-47.31667,T,BCH,BR,,27.0,,,,0,,-9999,America/Sao_Paulo,2018-12-05,Praia da Jureia,Praia da Juréia,,,,,,,,,,,,,,,,,,,,,,,,,,,,,,,,,,,,,,,,,,,,,,,,,,,,,,,,,,,,,,,,,
41476,3459465,Rio Jundiá,Rio Jundia,-22.53333,-41.95,H,STM,BR,,21.0,,,,0,,-9999,America/Sao_Paulo,2012-12-05,Rio Jundia,Rio Jundiá,,,,,,,,,,,,,,,,,,,,,,,,,,,,,,,,,,,,,,,,,,,,,,,,,,,,,,,,,,,,,,,,,
41486,3459475,Ilha do Junco,Ilha do Junco,-30.35,-51.06667,T,ISL,BR,,23.0,,,,0,,-9999,America/Sao_Paulo,2012-01-19,Ilha Junco,Ilha do Junco,,,,,,,,,,,,,,,,,,,,,,,,,,,,,,,,,,,,,,,,,,,,,,,,,,,,,,,,,,,,,,,,,
41495,3459484,Ilha do Juncal,Ilha do Juncal,-32.65,-53.1,T,ISL,BR,,23.0,,,,0,,0,America/Sao_Paulo,2018-12-05,Ilha do Juncal,,,,,,,,,,,,,,,,,,,,,,,,,,,,,,,,,,,,,,,,,,,,,,,,,,,,,,,,,,,,,,,,,,
41527,3459517,Rio Jucurucu,Rio Jucurucu,-17.39043,-39.20492,H,STM,BR,,5.0,,,,0,,-9999,America/Bahia,2021-08-24,Jucurucu River,Rio Jucurcu,Rio Jucurucu,Rio Jucurçu,,,,,,,,,,,,,,,,,,,,,,,,,,,,,,,,,,,,,,,,,,,,,,,,,,,,,,,,,,,,,,,
41532,3459522,Rio Jucu,Rio Jucu,-20.4,-40.31667,H,STM,BR,,8.0,,,,0,,-9999,America/Sao_Paulo,2021-09-02,Jucu River,Rio Jacu,Rio Jacú,Rio Jucu,,,,,,,,,,,,,,,,,,,,,,,,,,,,,,,,,,,,,,,,,,,,,,,,,,,,,,,,,,,,,,,
41533,3459523,Ponta Jucu,Ponta Jucu,-20.43333,-40.31667,T,PT,BR,,8.0,,,,0,,-9999,America/Sao_Paulo,2012-01-19,Ponta Jacu,Ponta Jacú,Ponta Jucu,,,,,,,,,,,,,,,,,,,,,,,,,,,,,,,,,,,,,,,,,,,,,,,,,,,,,,,,,,,,,,,,
41708,3459698,Ilha do Jorge Grego,Ilha do Jorge Grego,-23.22221,-44.15268,T,ISL,BR,,21.0,,,,0,,78,America/Sao_Paulo,2018-11-06,Ilha Jorge Crego,Ilha Jorge Grego,Ilha do Jorge Grego,,,,,,,,,,,,,,,,,,,,,,,,,,,,,,,,,,,,,,,,,,,,,,,,,,,,,,,,,,,,,,,,
41773,3459763,Arroio João Teixeira,Arroio Joao Teixeira,-30.65,-51.38333,H,STM,BR,,23.0,,,,0,,-9999,America/Sao_Paulo,2020-06-11,Arroio Joao Teixeira,Arroio João Teixeira,Arroio Teixeira,,,,,,,,,,,,,,,,,,,,,,,,,,,,,,,,,,,,,,,,,,,,,,,,,,,,,,,,,,,,,,,,
41835,3459825,Cabo João Dias,Cabo Joao Dias,-26.16667,-48.55,T,CAPE,BR,,26.0,,,,0,,1,America/Sao_Paulo,2020-06-11,Cabo Joao Dias,Cabo Joao Diaz,Cabo João Dias,Cabo João Diaz,Ponta Jose Dias,Ponta José Dias,Ponta do Joao Dias,,,,,,,,,,,,,,,,,,,,,,,,,,,,,,,,,,,,,,,,,,,,,,,,,,,,,,,,,,,,
41838,3459828,Rio João de Tiba,Rio Joao de Tiba,-16.27463,-39.02058,H,STM,BR,,5.0,,,,0,,7,America/Bahia,2021-07-10,Joao de Tiba River,João de Tiba River,Rio Joao de Tiba,Rio João de Tiba,,,,,,,,,,,,,,,,,,,,,,,,,,,,,,,,,,,,,,,,,,,,,,,,,,,,,,,,,,,,,,,
41858,3459848,Ilha do Araújo,Ilha do Araujo,-23.15887,-44.68965,T,ISL,BR,,21.0,,,,0,,161,America/Sao_Paulo,2018-11-06,Ilha do Araujo,Ilha do Araújo,Ilha do Joao Araujo,Ilha do João Araújo,,,,,,,,,,,,,,,,,,,,,,,,,,,,,,,,,,,,,,,,,,,,,,,,,,,,,,,,,,,,,,,
41875,3459865,Banhado da Joana,Banhado da Joana,-22.16667,-57.65,H,STM,BR,,11.0,,,,0,,96,America/Campo_Grande,1993-12-17,,,,,,,,,,,,,,,,,,,,,,,,,,,,,,,,,,,,,,,,,,,,,,,,,,,,,,,,,,,,,,,,,,,
41903,3459893,Ilha da Jipóia,Ilha da Jipoia,-23.04464,-44.35511,T,ISL,BR,,21.0,,,,0,,223,America/Sao_Paulo,2020-06-11,Ilha da Giboia,Ilha da Gibóia,Ilha da Gipoia,Ilha da Jiboia,Ilha da Jibóia,Ilha da Jipoia,Ilha da Jipóia,,,,,,,,,,,,,,,,,,,,,,,,,,,,,,,,,,,,,,,,,,,,,,,,,,,,,,,,,,,,
41955,3459945,Saco do Jequiá,Saco do Jequia,-22.82586,-43.17479,H,COVE,BR,,21.0,,,,0,,-9999,America/Sao_Paulo,2012-01-19,Sacco Jequia,Sacco Jequiá,Saco do Jequia,Saco do Jequiá,,,,,,,,,,,,,,,,,,,,,,,,,,,,,,,,,,,,,,,,,,,,,,,,,,,,,,,,,,,,,,,
41956,3459946,Praia do Jequiá,Praia do Jequia,-22.83333,-43.16667,T,BCH,BR,,21.0,,,,0,,-9999,America/Sao_Paulo,2012-12-05,Praia do Jequia,Praia do Jequiá,,,,,,,,,,,,,,,,,,,,,,,,,,,,,,,,,,,,,,,,,,,,,,,,,,,,,,,,,,,,,,,,,
41990,3459980,Jenipabu,Jenipabu,-12.7,-38.11667,P,PPL,BR,,5.0,2905701.0,,,0,,8,America/Bahia,2012-08-03,Jenipabu,Jinipabu,Jinipabú,,,,,,,,,,,,,,,,,,,,,,,,,,,,,,,,,,,,,,,,,,,,,,,,,,,,,,,,,,,,,,,,
42092,3460082,Córrego Jardim,Corrego Jardim,-21.08333,-40.61667,H,STM,BR,,8.0,,,,0,,-9999,America/Sao_Paulo,1993-12-17,,,,,,,,,,,,,,,,,,,,,,,,,,,,,,,,,,,,,,,,,,,,,,,,,,,,,,,,,,,,,,,,,,,
42131,3460121,Praia do Japu,Praia do Japu,-10.25,-36.2,T,BCH,BR,,2.0,,,,0,,-9999,America/Noronha,1993-12-17,,,,,,,,,,,,,,,,,,,,,,,,,,,,,,,,,,,,,,,,,,,,,,,,,,,,,,,,,,,,,,,,,,,
42132,3460122,Baixo do Japu,Baixo do Japu,-10.31667,-36.15,H,RF,BR,,2.0,,,,0,,-9999,America/Noronha,2012-01-19,Baixo do Japu,Baixos do Japu,Japu Bank,,,,,,,,,,,,,,,,,,,,,,,,,,,,,,,,,,,,,,,,,,,,,,,,,,,,,,,,,,,,,,,,
42149,3460139,Rio Japará,Rio Japara,-17.16667,-39.2,H,STM,BR,,5.0,,,,0,,-9999,America/Bahia,2012-12-05,Rio Japara,Rio Japará,,,,,,,,,,,,,,,,,,,,,,,,,,,,,,,,,,,,,,,,,,,,,,,,,,,,,,,,,,,,,,,,,
42236,3460226,Arroio Jaguarão Chico,Arroio Jaguarao Chico,-32.1,-53.75,H,STM,BR,,23.0,,,,0,,109,America/Sao_Paulo,1993-12-17,,,,,,,,,,,,,,,,,,,,,,,,,,,,,,,,,,,,,,,,,,,,,,,,,,,,,,,,,,,,,,,,,,,
42239,3460229,Río Yaguarón,Rio Yaguaron,-32.65,-53.2,H,STM,BR,UY,0.0,,,,0,,3,America/Sao_Paulo,2021-05-22,Jaguarao River,Jaguarão River,Rio Jaguarao,Rio Jaguarão,Rio Yaguaron,Río Yaguarón,,,,,,,,,,,,,,,,,,,,,,,,,,,,,,,,,,,,,,,,,,,,,,,,,,,,,,,,,,,,,
42254,3460244,Ilha Jaguanum,Ilha Jaguanum,-22.99925,-43.92889,T,ISL,BR,,21.0,,,,0,,118,America/Sao_Paulo,2018-11-06,Ilha Jaguanao,Ilha Jaguanum,Ilha Jaguanão,Ilha de Jaguanum,,,,,,,,,,,,,,,,,,,,,,,,,,,,,,,,,,,,,,,,,,,,,,,,,,,,,,,,,,,,,,,
42325,3460315,Baía de Jacuecanga,Baia de Jacuecanga,-23.01861,-44.25035,H,BAY,BR,,21.0,,,,0,,-9999,America/Sao_Paulo,2018-11-06,Baia de Jacuacanga,Baia de Jacuecanga,Baía de Jacuacanga,Baía de Jacuecanga,,,,,,,,,,,,,,,,,,,,,,,,,,,,,,,,,,,,,,,,,,,,,,,,,,,,,,,,,,,,,,,
42376,3460366,Lagoa de Jacarepaguá,Lagoa de Jacarepagua,-22.98623,-43.39608,H,LGN,BR,,21.0,,,,0,,2,America/Sao_Paulo,2019-02-21,Lagoa de Jacarepagua,Lagoa de Jacarepaguá,,,,,,,,,,,,,,,,,,,,,,,,,,,,,,,,,,,,,,,,,,,,,,,,,,,,,,,,,,,,,,,,,
42389,3460379,Saco do Jacaré,Saco do Jacare,-30.24327,-51.28912,H,COVE,BR,,23.0,,,,0,,1,America/Sao_Paulo,2021-04-10,Saco do Jacare,Saco do Jacaré,,,,,,,,,,,,,,,,,,,,,,,,,,,,,,,,,,,,,,,,,,,,,,,,,,,,,,,,,,,,,,,,,
42458,3460448,Jaburu,Jaburu,-12.96667,-38.6,P,PPLX,BR,,5.0,2933208.0,,,0,,1,America/Bahia,2019-12-04,,,,,,,,,,,,,,,,,,,,,,,,,,,,,,,,,,,,,,,,,,,,,,,,,,,,,,,,,,,,,,,,,,,
42543,3460533,Ilha do Itu,Ilha do Itu,-23.17825,-44.68293,T,ISL,BR,,21.0,,,,0,,21,America/Sao_Paulo,2018-11-06,Ilha do Itu,Ilha do Tu,Ilha do Tú,,,,,,,,,,,,,,,,,,,,,,,,,,,,,,,,,,,,,,,,,,,,,,,,,,,,,,,,,,,,,,,,
42584,3460574,Rio Itaúnas,Rio Itaunas,-18.41907,-39.69773,H,STM,BR,,8.0,,,,0,,-9999,America/Sao_Paulo,2021-07-25,Rio Itaunas,Rio Itaúnas,,,,,,,,,,,,,,,,,,,,,,,,,,,,,,,,,,,,,,,,,,,,,,,,,,,,,,,,,,,,,,,,,
42611,3460601,Ilhas Itatiáia,Ilhas Itatiaia,-20.36667,-40.28333,T,ISL,BR,,8.0,,,,0,,-9999,America/Sao_Paulo,2012-12-05,Ilhas Itatiaia,Ilhas Itatiáia,,,,,,,,,,,,,,,,,,,,,,,,,,,,,,,,,,,,,,,,,,,,,,,,,,,,,,,,,,,,,,,,,
42623,3460613,Rio Itariri,Rio Itariri,-11.98333,-37.61667,H,STM,BR,,5.0,,,,0,,-9999,America/Bahia,1995-11-20,,,,,,,,,,,,,,,,,,,,,,,,,,,,,,,,,,,,,,,,,,,,,,,,,,,,,,,,,,,,,,,,,,,
42663,3460653,Ponta Itapuãzinho,Ponta Itapuazinho,-13.0161,-38.47989,T,PT,BR,,5.0,,,,0,,1,America/Bahia,2018-01-02,Itapunzinho Point,Ponta Itapoansinho,Ponta Itapuazinho,Ponta Itapuãzinho,,,,,,,,,,,,,,,,,,,,,,,,,,,,,,,,,,,,,,,,,,,,,,,,,,,,,,,,,,,,,,,
42664,3460654,Saco de Itapuã,Saco de Itapua,-30.29287,-51.03266,H,COVE,BR,,23.0,,,,0,,1,America/Sao_Paulo,2021-04-10,Saco de Itapua,Saco de Itapuã,,,,,,,,,,,,,,,,,,,,,,,,,,,,,,,,,,,,,,,,,,,,,,,,,,,,,,,,,,,,,,,,,
42665,3460655,Praia de Itapuã,Praia de Itapua,-20.36667,-40.28333,T,BCH,BR,,8.0,,,,0,,-9999,America/Sao_Paulo,2012-12-05,Praia de Itapua,Praia de Itapuã,,,,,,,,,,,,,,,,,,,,,,,,,,,,,,,,,,,,,,,,,,,,,,,,,,,,,,,,,,,,,,,,,
42666,3460656,Ponta Itapuã,Ponta Itapua,-12.95471,-38.35499,T,PT,BR,,5.0,2927408.0,,,0,,11,America/Bahia,2014-04-08,Ponta Itapua,Ponta Itapuã,Ponta de Itapua,Ponta de Itapuã,Ponta do Itapoan,,,,,,,,,,,,,,,,,,,,,,,,,,,,,,,,,,,,,,,,,,,,,,,,,,,,,,,,,,,,,,
42667,3460657,Ponta de Itapuã,Ponta de Itapua,-30.38497,-51.05989,T,PT,BR,,23.0,4323002.0,,,0,,1,America/Sao_Paulo,2018-12-05,Itapoan Point,Ponta Itapua,Ponta Itapuã,Ponta de Itapua,Ponta de Itapuã,Ponta do Itapuan,,,,,,,,,,,,,,,,,,,,,,,,,,,,,,,,,,,,,,,,,,,,,,,,,,,,,,,,,,,,,
42668,3460658,Ponta Itapuã,Ponta Itapua,-20.35,-40.28333,T,PT,BR,,8.0,,,,0,,-9999,America/Sao_Paulo,2012-12-05,Ponta Itapua,Ponta Itapuã,,,,,,,,,,,,,,,,,,,,,,,,,,,,,,,,,,,,,,,,,,,,,,,,,,,,,,,,,,,,,,,,,
42669,3460659,Canal do Itapuã,Canal do Itapua,-30.4,-51.06667,H,CHN,BR,,23.0,,,,0,,-9999,America/Sao_Paulo,2020-07-09,,,,,,,,,,,,,,,,,,,,,,,,,,,,,,,,,,,,,,,,,,,,,,,,,,,,,,,,,,,,,,,,,,,
42688,3460678,Ponta Itapoá,Ponta Itapoa,-14.98333,-39.0,T,PT,BR,,5.0,2913606.0,,,0,,6,America/Bahia,2020-06-11,Ponta Itapoa,Ponta Itapoan,Ponta Itapoá,Ponta Itapua,Ponta Itapuá,,,,,,,,,,,,,,,,,,,,,,,,,,,,,,,,,,,,,,,,,,,,,,,,,,,,,,,,,,,,,,
42700,3460690,Rua Saul Apolinário Miranda,Rua Saul Apolinario Miranda,-28.33695,-48.69896,T,PT,BR,,26.0,4207304.0,,,0,,14,America/Sao_Paulo,2016-06-13,Ponta Itaberaba,Ponta de Itaperoba,Ponta de Itaperobá,,,,,,,,,,,,,,,,,,,,,,,,,,,,,,,,,,,,,,,,,,,,,,,,,,,,,,,,,,,,,,,,
42760,3460751,Ponta da Picirica,Ponta da Picirica,-23.19102,-44.35723,T,PT,BR,,21.0,,,,0,,110,America/Sao_Paulo,2022-11-11,Ponta Itapecerica,Ponta da Picirica,Ponta da Pissirica,,,,,,,,,,,,,,,,,,,,,,,,,,,,,,,,,,,,,,,,,,,,,,,,,,,,,,,,,,,,,,,,
42763,3460754,Praia de Itapebuçu,Praia de Itapebucu,-22.45,-41.85,T,BCH,BR,,21.0,,,,0,,-9999,America/Sao_Paulo,2020-06-11,Praia das Pedrinhas,Praia de Itapebucu,Praia de Itapebussu,Praia de Itapebuçu,,,,,,,,,,,,,,,,,,,,,,,,,,,,,,,,,,,,,,,,,,,,,,,,,,,,,,,,,,,,,,,
42781,3460772,Ilha Itapacis,Ilha Itapacis,-22.77706,-43.10567,T,ISL,BR,,21.0,,,,0,,-9999,America/Sao_Paulo,2012-01-19,Ilha Itapacis,Ilha Tapacis,Ilha de Itapacis,Itapacys,,,,,,,,,,,,,,,,,,,,,,,,,,,,,,,,,,,,,,,,,,,,,,,,,,,,,,,,,,,,,,,
42799,3460790,Canal de Itanhaém,Canal de Itanhaem,-17.55,-39.06667,H,CHNM,BR,,5.0,,,,0,,-9999,America/Bahia,2012-01-19,Canal de Itanhaem,Canal de Itanhaen,Canal de Itanhaém,Canal de Itanhaén,,,,,,,,,,,,,,,,,,,,,,,,,,,,,,,,,,,,,,,,,,,,,,,,,,,,,,,,,,,,,,,
42862,3460853,Ilha Itaitis,Ilha Itaitis,-20.32123,-40.26841,T,ISL,BR,,8.0,3205200.0,,,0,,-9999,America/Sao_Paulo,2018-11-29,Ilha Itaitis,,,,,,,,,,,,,,,,,,,,,,,,,,,,,,,,,,,,,,,,,,,,,,,,,,,,,,,,,,,,,,,,,,
42865,3460856,Ponta Itaipu,Ponta Itaipu,-24.03333,-46.4,T,PT,BR,,27.0,3541000.0,,,0,,13,America/Sao_Paulo,2016-07-05,Point Taypu,Ponta Itaipu,,,,,,,,,,,,,,,,,,,,,,,,,,,,,,,,,,,,,,,,,,,,,,,,,,,,,,,,,,,,,,,,,
42872,3460863,Itaípe,Itaipe,-14.77202,-39.05438,P,PPL,BR,,5.0,2913606.0,,,0,,6,America/Bahia,2018-07-23,,,,,,,,,,,,,,,,,,,,,,,,,,,,,,,,,,,,,,,,,,,,,,,,,,,,,,,,,,,,,,,,,,,
42909,3460900,Ponta do Itaguaçu,Ponta do Itaguacu,-24.33333,-47.0,T,PT,BR,,27.0,,,,0,,-9999,America/Sao_Paulo,2012-01-19,Ponta Itaguassu,Ponta Itaguassú,Ponta do Itaguacu,Ponta do Itaguaçu,,,,,,,,,,,,,,,,,,,,,,,,,,,,,,,,,,,,,,,,,,,,,,,,,,,,,,,,,,,,,,,
42914,3460905,Ponta de Itaguá,Ponta de Itagua,-23.76262,-45.87991,T,PT,BR,,27.0,3506359.0,,,0,,24,America/Sao_Paulo,2016-06-15,Ponta de Itagua,Ponta de Itaguá,,,,,,,,,,,,,,,,,,,,,,,,,,,,,,,,,,,,,,,,,,,,,,,,,,,,,,,,,,,,,,,,,
42919,3460910,Ilha de Itacuruçá,Ilha de Itacuruca,-22.94556,-43.9,T,ISL,BR,,21.0,,,,0,,123,America/Sao_Paulo,2012-01-19,Ilha de Itacuruca,Ilha de Itacurussa,Ilha de Itacurussá,Ilha de Itacuruçá,,,,,,,,,,,,,,,,,,,,,,,,,,,,,,,,,,,,,,,,,,,,,,,,,,,,,,,,,,,,,,,
42928,3460919,Recifes Itacolomis,Recifes Itacolomis,-16.88333,-39.08333,H,RF,BR,,5.0,,,,0,,-9999,America/Bahia,2012-12-05,Recifes Itacolomis,,,,,,,,,,,,,,,,,,,,,,,,,,,,,,,,,,,,,,,,,,,,,,,,,,,,,,,,,,,,,,,,,,
42929,3460920,Ilhas Itacolomis,Ilhas Itacolomis,-25.84185,-48.4078,T,ISLS,BR,,18.0,,,,0,,-9999,America/Sao_Paulo,2016-06-15,Ilhas Itacolomis,Ilhas Itacolomy,Itacolmi Islets,Itacolomi Islands,Itacolomi Islands and Reefs,,,,,,,,,,,,,,,,,,,,,,,,,,,,,,,,,,,,,,,,,,,,,,,,,,,,,,,,,,,,,,
42931,3460922,Praia de Itacolomi,Praia de Itacolomi,-22.7919,-43.2448,T,BCH,BR,,21.0,,,,0,,1,America/Sao_Paulo,2012-01-19,Praia de Itacolomi,,,,,,,,,,,,,,,,,,,,,,,,,,,,,,,,,,,,,,,,,,,,,,,,,,,,,,,,,,,,,,,,,,
42933,3460924,Ilha Itacolomi,Ilha Itacolomi,-26.70983,-48.61815,T,ISL,BR,,26.0,4212502.0,,,0,,-9999,America/Sao_Paulo,2016-06-13,Ilha Itacolomi,Ilha de Itacolomi,Pedras Itacoloms,,,,,,,,,,,,,,,,,,,,,,,,,,,,,,,,,,,,,,,,,,,,,,,,,,,,,,,,,,,,,,,,
42934,3460925,Ilha Itacolomi,Ilha Itacolomi,-25.84148,-48.40841,T,ISL,BR,,18.0,,,,0,,-9999,America/Sao_Paulo,2016-06-15,,,,,,,,,,,,,,,,,,,,,,,,,,,,,,,,,,,,,,,,,,,,,,,,,,,,,,,,,,,,,,,,,,,
42938,3460929,Ilha de Itaquatiba,Ilha de Itaquatiba,-23.07093,-44.25256,T,ISL,BR,,21.0,,,,0,,29,America/Sao_Paulo,2022-11-11,Ilha Itacoatiba,Ilha Itacuatiba,Ilha de Itaquatiba,,,,,,,,,,,,,,,,,,,,,,,,,,,,,,,,,,,,,,,,,,,,,,,,,,,,,,,,,,,,,,,,
42945,3460936,Recife Itacepanema,Recife Itacepanema,-16.25,-38.96667,H,RF,BR,,5.0,,,,0,,-9999,America/Bahia,2012-12-05,Recife Itacepanema,,,,,,,,,,,,,,,,,,,,,,,,,,,,,,,,,,,,,,,,,,,,,,,,,,,,,,,,,,,,,,,,,,
42946,3460937,Ponta do Itaçucé,Ponta do Itacuce,-23.18263,-44.37184,T,PT,BR,,21.0,,,,0,,75,America/Sao_Paulo,2022-11-11,Ponta Itaccuce,Ponta Itassuce,Ponta Itassucê,Ponta Itaçcucê,Ponta do Itacuce,Ponta do Itassuce,Ponta do Itassucê,Ponta do Itaçucé,,,,,,,,,,,,,,,,,,,,,,,,,,,,,,,,,,,,,,,,,,,,,,,,,,,,,,,,,,,
43055,3461046,Rio Irajá,Rio Iraja,-22.80977,-43.27303,H,STM,BR,,21.0,,,,0,,6,America/Sao_Paulo,2012-01-19,Rio Iraja,Rio Irajá,,,,,,,,,,,,,,,,,,,,,,,,,,,,,,,,,,,,,,,,,,,,,,,,,,,,,,,,,,,,,,,,,
43116,3461108,Ponta Ipiranga,Ponta Ipiranga,-22.99135,-43.68893,T,PT,BR,,21.0,,,,0,,3,America/Sao_Paulo,2012-01-19,Ponta Ipiranga,,,,,,,,,,,,,,,,,,,,,,,,,,,,,,,,,,,,,,,,,,,,,,,,,,,,,,,,,,,,,,,,,,
43242,3461234,Ponta dos Inglêses,Ponta dos Ingleses,-27.43296,-48.36576,T,PT,BR,,26.0,4205407.0,,,0,,24,America/Sao_Paulo,2016-06-13,Ponta Inglez,Ponta do Ingles,Ponta do Inglês,Ponta dos Ingleses,Ponta dos Inglezes,Ponta dos Inglêses,,,,,,,,,,,,,,,,,,,,,,,,,,,,,,,,,,,,,,,,,,,,,,,,,,,,,,,,,,,,,
43285,3461277,Ilha dos Índios,Ilha dos Indios,-20.29229,-40.28184,T,ISL,BR,,8.0,3205309.0,,,0,,-9999,America/Sao_Paulo,2018-11-29,Ilha dos Indios,Ilha dos Índios,,,,,,,,,,,,,,,,,,,,,,,,,,,,,,,,,,,,,,,,,,,,,,,,,,,,,,,,,,,,,,,,,
43351,3461343,Ponta Inácio Dias,Ponta Inacio Dias,-25.46683,-48.21499,T,PT,BR,,18.0,4109500.0,,,0,,-9999,America/Sao_Paulo,2020-06-11,Ponta Inacio Dias,Ponta Inácio Dias,Ponta do Ignacio Dias,,,,,,,,,,,,,,,,,,,,,,,,,,,,,,,,,,,,,,,,,,,,,,,,,,,,,,,,,,,,,,,,
43377,3461369,Ponta de Imbituba,Ponta de Imbituba,-28.23574,-48.64574,T,PT,BR,,26.0,,,,0,,-9999,America/Sao_Paulo,2011-07-07,Ponta Imbituba,Ponta de Imbituba,,,,,,,,,,,,,,,,,,,,,,,,,,,,,,,,,,,,,,,,,,,,,,,,,,,,,,,,,,,,,,,,,
43398,3461390,Ponta de Imbassuaba,Ponta de Imbassuaba,-17.06137,-39.16566,T,PT,BR,,5.0,,,,0,,-9999,America/Bahia,2012-12-05,Ponda do Imbacuaba,Ponda do Imbaçuaba,Ponta Imbossuaba,Ponta de Imbassuaba,Ponta de Imbossoaba,,,,,,,,,,,,,,,,,,,,,,,,,,,,,,,,,,,,,,,,,,,,,,,,,,,,,,,,,,,,,,
43423,3461415,Baía da Ilha Grande,Baia da Ilha Grande,-23.12521,-44.45837,H,BAY,BR,,21.0,,,,0,,-9999,America/Sao_Paulo,2018-11-06,Baia da Ilha Grande,Baía da Ilha Grande,,,,,,,,,,,,,,,,,,,,,,,,,,,,,,,,,,,,,,,,,,,,,,,,,,,,,,,,,,,,,,,,,
43433,3461425,Ilhabela,Ilhabela,-23.77806,-45.35806,P,PPLA2,BR,,27.0,3520400.0,,,32892,,7,America/Sao_Paulo,2012-03-10,Formosa,Vilabela,Villa Bella,,,,,,,,,,,,,,,,,,,,,,,,,,,,,,,,,,,,,,,,,,,,,,,,,,,,,,,,,,,,,,,,
43479,3461471,Río Iguazú,Rio Iguazu,-25.6,-54.6,H,STM,BR,AR,0.0,,,,0,,172,America/Campo_Grande,2021-04-15,Iguazu River,Rio Iguacu,Rio Iguassu,Rio Iguazu,Rio Iguaçu,Río Iguazú,,,,,,,,,,,,,,,,,,,,,,,,,,,,,,,,,,,,,,,,,,,,,,,,,,,,,,,,,,,,,
43505,3461497,Ilha do Igarapé,Ilha do Igarape,-20.3238,-40.26582,T,ISL,BR,,8.0,3205200.0,,,0,,-9999,America/Sao_Paulo,2018-11-29,Ilha do Igarape,Ilha do Igarapé,,,,,,,,,,,,,,,,,,,,,,,,,,,,,,,,,,,,,,,,,,,,,,,,,,,,,,,,,,,,,,,,,
43530,3461522,Barra de Icapara,Barra de Icapara,-24.68333,-47.41667,H,INLT,BR,,27.0,,,,0,,-9999,America/Sao_Paulo,1993-12-17,,,,,,,,,,,,,,,,,,,,,,,,,,,,,,,,,,,,,,,,,,,,,,,,,,,,,,,,,,,,,,,,,,,
43608,3461600,Rio Ibicuí,Rio Ibicui,-29.41667,-56.78333,H,STM,BR,,23.0,,,,0,,44,America/Sao_Paulo,2021-08-02,Ibicui River,Ibicuí River,Rio Ibicuhy,Rio Ibicui,Rio Ibicuí,,,,,,,,,,,,,,,,,,,,,,,,,,,,,,,,,,,,,,,,,,,,,,,,,,,,,,,,,,,,,,
43859,3461852,Ilha do Guaraú,Ilha do Guarau,-24.38103,-46.98561,T,ISL,BR,,27.0,,,,0,,63,America/Sao_Paulo,2016-06-15,Ilha do Guarahu,Ilha do Guarahú,Ilha do Guarau,Ilha do Guaraú,,,,,,,,,,,,,,,,,,,,,,,,,,,,,,,,,,,,,,,,,,,,,,,,,,,,,,,,,,,,,,,
43868,3461861,Recifes de Guaratibas,Recifes de Guaratibas,-17.41667,-39.15,H,RF,BR,,1.0,,,,0,,-9999,America/Bahia,2012-01-19,Recife de Guaratibas,Recifes Guaratibas,Recifes de Guaratibas,,,,,,,,,,,,,,,,,,,,,,,,,,,,,,,,,,,,,,,,,,,,,,,,,,,,,,,,,,,,,,,,
43869,3461862,Ponta das Guaratibas,Ponta das Guaratibas,-17.43333,-39.18333,T,PT,BR,,5.0,,,,0,,-9999,America/Bahia,2012-01-19,Ponta das Guaratibas,Ponta de Guaratiba,,,,,,,,,,,,,,,,,,,,,,,,,,,,,,,,,,,,,,,,,,,,,,,,,,,,,,,,,,,,,,,,,
43870,3461863,Praia de Guaratiba,Praia de Guaratiba,-23.08333,-43.56667,T,BCH,BR,,21.0,,,,0,,-9999,America/Sao_Paulo,2012-12-05,Praia de Guaratiba,,,,,,,,,,,,,,,,,,,,,,,,,,,,,,,,,,,,,,,,,,,,,,,,,,,,,,,,,,,,,,,,,,
43871,3461864,Ponta do Picão,Ponta do Picao,-23.0733,-43.57242,T,PT,BR,,21.0,3304557.0,,,0,,4,America/Sao_Paulo,2017-12-22,Guaratiba Point,Ponta de Guaratiba,Ponta do Picao,Ponta do Picão,,,,,,,,,,,,,,,,,,,,,,,,,,,,,,,,,,,,,,,,,,,,,,,,,,,,,,,,,,,,,,,
43873,3461866,Barra de Guaratiba,Barra de Guaratiba,-23.06177,-43.56723,H,INLT,BR,,21.0,,,,0,,6,America/Sao_Paulo,2012-01-19,Barra de Guaratiba,,,,,,,,,,,,,,,,,,,,,,,,,,,,,,,,,,,,,,,,,,,,,,,,,,,,,,,,,,,,,,,,,,
43880,3461873,Guararapes,Guararapes,-30.9,-51.48333,P,PPL,BR,,23.0,4300851.0,,,0,,-9999,America/Sao_Paulo,2018-07-24,Guararapes,Velhaco,,,,,,,,,,,,,,,,,,,,,,,,,,,,,,,,,,,,,,,,,,,,,,,,,,,,,,,,,,,,,,,,,
43894,3461887,Ilhas de Guarapari,Ilhas de Guarapari,-20.65,-40.43333,T,ISLS,BR,,8.0,,,,0,,-9999,America/Sao_Paulo,2012-01-19,Ilhas Guarapary,Ilhas de Guarapari,,,,,,,,,,,,,,,,,,,,,,,,,,,,,,,,,,,,,,,,,,,,,,,,,,,,,,,,,,,,,,,,,
43925,3461918,Rio Guaraí,Rio Guarai,-22.70485,-43.03123,H,STM,BR,,21.0,,,,0,,2,America/Sao_Paulo,2019-02-21,Rio Guarai,Rio Guaraí,,,,,,,,,,,,,,,,,,,,,,,,,,,,,,,,,,,,,,,,,,,,,,,,,,,,,,,,,,,,,,,,,
43938,3461931,Ilha do Guará,Ilha do Guara,-23.88437,-46.12934,T,ISL,BR,,27.0,3518701.0,,,0,,-9999,America/Sao_Paulo,2016-06-15,Ilha do Guara,Ilha do Guará,,,,,,,,,,,,,,,,,,,,,,,,,,,,,,,,,,,,,,,,,,,,,,,,,,,,,,,,,,,,,,,,,
43951,3461944,Arroio Guapitangui,Arroio Guapitangui,-30.1,-57.08333,H,STM,BR,,23.0,,,,0,,63,America/Sao_Paulo,1993-12-17,,,,,,,,,,,,,,,,,,,,,,,,,,,,,,,,,,,,,,,,,,,,,,,,,,,,,,,,,,,,,,,,,,,
43973,3461966,Barra do Guandu,Barra do Guandu,-22.93254,-43.76768,H,INLT,BR,,21.0,,,,0,,6,America/Sao_Paulo,2012-01-19,Barra do Guandu,,,,,,,,,,,,,,,,,,,,,,,,,,,,,,,,,,,,,,,,,,,,,,,,,,,,,,,,,,,,,,,,,,
43981,3461974,Praia da Guanabara,Praia da Guanabara,-22.79241,-43.16865,T,BCH,BR,,21.0,3304557.0,,,0,,11,America/Sao_Paulo,2016-06-22,Praia da Guanabara,,,,,,,,,,,,,,,,,,,,,,,,,,,,,,,,,,,,,,,,,,,,,,,,,,,,,,,,,,,,,,,,,,
43982,3461975,Baía de Guanabara,Baia de Guanabara,-22.79079,-43.13872,H,BAY,BR,,21.0,,,,0,,-9999,America/Sao_Paulo,2012-12-05,Baia de Guanabara,Baía de Guanabara,,,,,,,,,,,,,,,,,,,,,,,,,,,,,,,,,,,,,,,,,,,,,,,,,,,,,,,,,,,,,,,,,
44015,3462008,Lake Guaíba,Lake Guaiba,-30.2795,-51.18696,H,LK,BR,,23.0,,,,0,4.0,-9999,America/Sao_Paulo,2019-05-28,Rio Guaiba,Rio Guaíba,,,,,,,,,,,,,,,,,,,,,,,,,,,,,,,,,,,,,,,,,,,,,,,,,,,,,,,,,,,,,,,,,
44016,3462009,Ilha Guaíba,Ilha Guaiba,-23.00351,-44.03814,T,ISL,BR,,21.0,,,,0,,117,America/Sao_Paulo,2020-06-11,Ilha Guahyba,Ilha Guaiba,Ilha Guaíba,,,,,,,,,,,,,,,,,,,,,,,,,,,,,,,,,,,,,,,,,,,,,,,,,,,,,,,,,,,,,,,,
44023,3462016,Ponta do Guaecá,Ponta do Guaeca,-23.83333,-45.45,T,PT,BR,,27.0,,,,0,,-9999,America/Sao_Paulo,2013-03-05,Ponta do Guaeca,Ponta do Guaecá,,,,,,,,,,,,,,,,,,,,,,,,,,,,,,,,,,,,,,,,,,,,,,,,,,,,,,,,,,,,,,,,,
44069,3462062,Ponta Grossa do Sítio Forte,Ponta Grossa do Sitio Forte,-23.11425,-44.29509,T,PT,BR,,21.0,,,,0,,-9999,America/Sao_Paulo,2022-11-11,Ponta Grossa do Sitio Forte,Ponta Grossa do Sítio Forte,,,,,,,,,,,,,,,,,,,,,,,,,,,,,,,,,,,,,,,,,,,,,,,,,,,,,,,,,,,,,,,,,
44072,3462065,Ponta Grossa,Ponta Grossa,-30.18586,-51.24872,T,PT,BR,,23.0,4314902.0,,,0,,17,America/Sao_Paulo,2018-12-05,Ponta Grossa,,,,,,,,,,,,,,,,,,,,,,,,,,,,,,,,,,,,,,,,,,,,,,,,,,,,,,,,,,,,,,,,,,
44073,3462066,Ponta Grossa,Ponta Grossa,-27.79083,-48.48833,T,PT,BR,,26.0,,,,0,,3,America/Sao_Paulo,2012-01-19,Ponta Grossa,Ponta Norte,,,,,,,,,,,,,,,,,,,,,,,,,,,,,,,,,,,,,,,,,,,,,,,,,,,,,,,,,,,,,,,,,
44075,3462068,Ponta Grossa,Ponta Grossa,-23.80419,-45.62287,T,PT,BR,,27.0,3550704.0,,,0,,35,America/Sao_Paulo,2016-06-15,Ponta Grossa,,,,,,,,,,,,,,,,,,,,,,,,,,,,,,,,,,,,,,,,,,,,,,,,,,,,,,,,,,,,,,,,,,
44076,3462069,Ponta Grossa,Ponta Grossa,-23.73562,-45.2768,T,PT,BR,,27.0,3520400.0,,,0,,43,America/Sao_Paulo,2016-06-15,Ponta Grossa,,,,,,,,,,,,,,,,,,,,,,,,,,,,,,,,,,,,,,,,,,,,,,,,,,,,,,,,,,,,,,,,,,
44077,3462070,Ponta Grossa,Ponta Grossa,-23.58333,-45.21667,T,PT,BR,,27.0,,,,0,,-9999,America/Sao_Paulo,2012-01-19,Ponta Grossa,Ponta de Maranduba,Ponta dos Cacoens,,,,,,,,,,,,,,,,,,,,,,,,,,,,,,,,,,,,,,,,,,,,,,,,,,,,,,,,,,,,,,,,
44078,3462071,Ponta Grossa,Ponta Grossa,-23.46667,-45.01667,T,PT,BR,,27.0,,,,0,,-9999,America/Sao_Paulo,2013-03-05,Ponta Grossa,,,,,,,,,,,,,,,,,,,,,,,,,,,,,,,,,,,,,,,,,,,,,,,,,,,,,,,,,,,,,,,,,,
44079,3462072,Ponta Grossa,Ponta Grossa,-23.02023,-44.4344,T,PT,BR,,21.0,,,,0,,43,America/Sao_Paulo,2018-11-06,Ponta Grossa,,,,,,,,,,,,,,,,,,,,,,,,,,,,,,,,,,,,,,,,,,,,,,,,,,,,,,,,,,,,,,,,,,
44080,3462073,Ponta Grossa,Ponta Grossa,-22.78104,-43.18335,T,PT,BR,,21.0,,,,0,,-9999,America/Sao_Paulo,2012-01-19,Ponta Grossa,,,,,,,,,,,,,,,,,,,,,,,,,,,,,,,,,,,,,,,,,,,,,,,,,,,,,,,,,,,,,,,,,,
44101,3462094,Ilhas Gravatá,Ilhas Gravata,-22.8,-41.81667,T,ISLS,BR,,21.0,,,,0,,-9999,America/Sao_Paulo,2012-01-19,Ilhas Gravata,Ilhas Gravatá,Ilhotes Gravata,Ilhotes Gravatá,,,,,,,,,,,,,,,,,,,,,,,,,,,,,,,,,,,,,,,,,,,,,,,,,,,,,,,,,,,,,,,
44107,3462100,Rio Gratau,Rio Gratau,-22.95,-44.41667,H,STM,BR,,21.0,,,,0,,-9999,America/Sao_Paulo,2013-03-05,Rio Gratau,,,,,,,,,,,,,,,,,,,,,,,,,,,,,,,,,,,,,,,,,,,,,,,,,,,,,,,,,,,,,,,,,,
44139,3462134,Sanga Grande,Sanga Grande,-32.16667,-52.66667,H,STM,BR,,23.0,,,,0,,0,America/Sao_Paulo,2019-02-21,Sanga Grande,,,,,,,,,,,,,,,,,,,,,,,,,,,,,,,,,,,,,,,,,,,,,,,,,,,,,,,,,,,,,,,,,,
44143,3462138,Saco Grande,Saco Grande,-22.99222,-43.35639,H,COVE,BR,,21.0,,,,0,,0,America/Sao_Paulo,2012-12-05,Saco Grande,,,,,,,,,,,,,,,,,,,,,,,,,,,,,,,,,,,,,,,,,,,,,,,,,,,,,,,,,,,,,,,,,,
44175,3462170,Praia Grande,Praia Grande,-24.01446,-46.41483,T,BCH,BR,,27.0,,,,0,,3,America/Sao_Paulo,2016-06-15,Praia Grande,,,,,,,,,,,,,,,,,,,,,,,,,,,,,,,,,,,,,,,,,,,,,,,,,,,,,,,,,,,,,,,,,,
44176,3462171,Praia Grande,Praia Grande,-22.78263,-43.17836,T,BCH,BR,,21.0,,,,0,,1,America/Sao_Paulo,2012-01-19,Praia Grande,,,,,,,,,,,,,,,,,,,,,,,,,,,,,,,,,,,,,,,,,,,,,,,,,,,,,,,,,,,,,,,,,,
44177,3462172,Ponta Grande,Ponta Grande,-22.95,-43.98333,T,PT,BR,,21.0,,,,0,,-9999,America/Sao_Paulo,2012-12-05,Ponta Grande,,,,,,,,,,,,,,,,,,,,,,,,,,,,,,,,,,,,,,,,,,,,,,,,,,,,,,,,,,,,,,,,,,
44178,3462173,Ponta Grande,Ponta Grande,-16.37298,-39.0082,T,PT,BR,,5.0,2925303.0,,,0,,-9999,America/Bahia,2012-12-05,Ponta Grande,,,,,,,,,,,,,,,,,,,,,,,,,,,,,,,,,,,,,,,,,,,,,,,,,,,,,,,,,,,,,,,,,,
44179,3462174,Ponta Grande,Ponta Grande,-14.05,-38.93333,T,PT,BR,,5.0,,,,0,,-9999,America/Bahia,2018-12-05,Ponta Grande,,,,,,,,,,,,,,,,,,,,,,,,,,,,,,,,,,,,,,,,,,,,,,,,,,,,,,,,,,,,,,,,,,
44217,3462212,Ilhota Grande,Ilhota Grande,-23.03283,-43.19515,T,ISL,BR,,21.0,,,,0,,0,America/Sao_Paulo,2012-01-19,Ilhota Grande,,,,,,,,,,,,,,,,,,,,,,,,,,,,,,,,,,,,,,,,,,,,,,,,,,,,,,,,,,,,,,,,,,
44219,3462214,Ilha Grande,Ilha Grande,-31.63333,-52.0,T,ISL,BR,,23.0,,,,0,,-9999,America/Sao_Paulo,2018-12-05,Ilha Grande,,,,,,,,,,,,,,,,,,,,,,,,,,,,,,,,,,,,,,,,,,,,,,,,,,,,,,,,,,,,,,,,,,
44222,3462217,Ilha Grande,Ilha Grande,-23.15497,-44.23894,T,ISL,BR,,21.0,,,,3000,,587,America/Sao_Paulo,2022-11-11,Grande,Grandė,Il'ja-Grandi,Ilha Grande,ge lan de dao,ilaha grande,illyageulanji seom,Илья-Гранди,ইলহা গ্রান্ডে,格蘭德島,일랴그란지 섬,,,,,,,,,,,,,,,,,,,,,,,,,,,,,,,,,,,,,,,,,,,,,,,,,,,,,,,,
44230,3462225,Ilhéu Grande,Ilheu Grande,-14.76667,-39.01667,T,ISL,BR,,5.0,,,,0,,-9999,America/Bahia,2020-06-11,Ilha Grande,Ilheu Grande,Ilhéu Grande,,,,,,,,,,,,,,,,,,,,,,,,,,,,,,,,,,,,,,,,,,,,,,,,,,,,,,,,,,,,,,,,
44262,3462257,Coroa Grande,Coroa Grande,-17.68333,-39.08333,H,RF,BR,,5.0,,,,0,,-9999,America/Bahia,2012-12-05,Coroa Grande,,,,,,,,,,,,,,,,,,,,,,,,,,,,,,,,,,,,,,,,,,,,,,,,,,,,,,,,,,,,,,,,,,
44307,3462302,Ponta do Grajaúna,Ponta do Grajauna,-24.56667,-47.16667,T,PT,BR,,27.0,,,,0,,-9999,America/Sao_Paulo,2020-06-11,Ponta do Grajauna,Ponta do Grajaúna,Punta do Grajauma,,,,,,,,,,,,,,,,,,,,,,,,,,,,,,,,,,,,,,,,,,,,,,,,,,,,,,,,,,,,,,,,
44324,3462319,Governador Island,Governador Island,-22.80573,-43.21033,T,ISL,BR,,21.0,,,,0,,25,America/Sao_Paulo,2013-05-11,Governours Island,Ilha Governador,Ilha do Governador,QGI,,,,,,,,,,,,,,,,,,,,,,,,,,,,,,,,,,,,,,,,,,,,,,,,,,,,,,,,,,,,,,,
44438,3462433,Ilha da Gigóia,Ilha da Gigoia,-23.00253,-43.3089,T,ISL,BR,,21.0,,,,0,,7,America/Sao_Paulo,2020-06-11,Ilha Gigoio,Ilha da Gigoia,Ilha da Gigóia,,,,,,,,,,,,,,,,,,,,,,,,,,,,,,,,,,,,,,,,,,,,,,,,,,,,,,,,,,,,,,,,
44442,3462437,Ponta do Gibalte,Ponta do Gibalte,-23.95,-45.28333,T,PT,BR,,27.0,,,,0,,-9999,America/Sao_Paulo,2013-03-05,Ponta do Gibalte,,,,,,,,,,,,,,,,,,,,,,,,,,,,,,,,,,,,,,,,,,,,,,,,,,,,,,,,,,,,,,,,,,
44521,3462516,Cabo da Gávea,Cabo da Gavea,-23.01667,-43.28333,T,PT,BR,,21.0,,,,0,,-9999,America/Sao_Paulo,2012-12-05,Cabo da Gavea,Cabo da Gávea,,,,,,,,,,,,,,,,,,,,,,,,,,,,,,,,,,,,,,,,,,,,,,,,,,,,,,,,,,,,,,,,,
44527,3462522,Ilha dos Gatos,Ilha dos Gatos,-23.80541,-45.66978,T,ISL,BR,,27.0,3550704.0,,,0,,27,America/Sao_Paulo,2016-06-15,Ilha dos Gatos,,,,,,,,,,,,,,,,,,,,,,,,,,,,,,,,,,,,,,,,,,,,,,,,,,,,,,,,,,,,,,,,,,
44530,3462525,Ponta do Gato,Ponta do Gato,-22.77912,-43.17679,T,PT,BR,,21.0,3304557.0,,,0,,7,America/Sao_Paulo,2019-02-21,Ponta do Gato,,,,,,,,,,,,,,,,,,,,,,,,,,,,,,,,,,,,,,,,,,,,,,,,,,,,,,,,,,,,,,,,,,
44551,3462546,Ponta da Garoupa,Ponta da Garoupa,-27.13487,-48.47885,T,PT,BR,,26.0,4202453.0,,,0,,3,America/Sao_Paulo,2016-06-13,Ponta Garopas,Ponta da Garoupa,Ponta das Garaopas,Ponta das Garoupas,,,,,,,,,,,,,,,,,,,,,,,,,,,,,,,,,,,,,,,,,,,,,,,,,,,,,,,,,,,,,,,
44576,3462571,Ponta Garcia,Ponta Garcia,-13.15,-38.81667,T,PT,BR,,5.0,,,,0,,-9999,America/Bahia,2012-01-19,Ponta Garcia,Ponta da Gorcez,Ponta do Garcez,,,,,,,,,,,,,,,,,,,,,,,,,,,,,,,,,,,,,,,,,,,,,,,,,,,,,,,,,,,,,,,,
44590,3462585,Garapuá,Garapua,-13.48333,-38.91667,P,PPL,BR,,5.0,2905404.0,,,0,,1,America/Bahia,2018-07-23,,,,,,,,,,,,,,,,,,,,,,,,,,,,,,,,,,,,,,,,,,,,,,,,,,,,,,,,,,,,,,,,,,,
44648,3462644,Gameleira,Gameleira,-12.93333,-38.6,P,PPLX,BR,,5.0,2933208.0,,,0,,-9999,America/Bahia,2019-12-04,,,,,,,,,,,,,,,,,,,,,,,,,,,,,,,,,,,,,,,,,,,,,,,,,,,,,,,,,,,,,,,,,,,
44667,3462663,Ponta da Gamboa,Ponta da Gamboa,-22.98779,-43.39015,T,PT,BR,,21.0,3304557.0,,,0,,2,America/Sao_Paulo,2012-08-03,Ponta da Gamboa,,,,,,,,,,,,,,,,,,,,,,,,,,,,,,,,,,,,,,,,,,,,,,,,,,,,,,,,,,,,,,,,,,
44670,3462666,Gamboa,Gamboa,-12.98333,-38.6,P,PPLX,BR,,5.0,2933208.0,,,0,,-9999,America/Bahia,2019-12-04,,,,,,,,,,,,,,,,,,,,,,,,,,,,,,,,,,,,,,,,,,,,,,,,,,,,,,,,,,,,,,,,,,,
44696,3462692,Ponta das Galhetas,Ponta das Galhetas,-24.01379,-46.2633,T,PT,BR,,27.0,3518701.0,,,0,,-9999,America/Sao_Paulo,2016-06-15,,,,,,,,,,,,,,,,,,,,,,,,,,,,,,,,,,,,,,,,,,,,,,,,,,,,,,,,,,,,,,,,,,,
44697,3462693,Ilha da Galheta de Fóra,Ilha da Galheta de Fora,-20.30762,-40.27429,T,ISL,BR,,8.0,3205309.0,,,0,,3,America/Sao_Paulo,2018-11-29,Ilha da Galheta de Fora,Ilha da Galheta de Fóra,,,,,,,,,,,,,,,,,,,,,,,,,,,,,,,,,,,,,,,,,,,,,,,,,,,,,,,,,,,,,,,,,
44698,3462694,Ilha da Galheta de Dentro,Ilha da Galheta de Dentro,-20.30806,-40.27633,T,ISL,BR,,8.0,3205309.0,,,0,,5,America/Sao_Paulo,2018-11-29,Ilha da Galheta de Dentro,,,,,,,,,,,,,,,,,,,,,,,,,,,,,,,,,,,,,,,,,,,,,,,,,,,,,,,,,,,,,,,,,,
44726,3462722,Praia do Galeão,Praia do Galeao,-22.82569,-43.23214,T,BCH,BR,,21.0,3304557.0,,,0,,8,America/Sao_Paulo,2019-02-21,Praia do Galeao,Praia do Galeão,,,,,,,,,,,,,,,,,,,,,,,,,,,,,,,,,,,,,,,,,,,,,,,,,,,,,,,,,,,,,,,,,
44728,3462724,Ilha da Galé,Ilha da Gale,-27.18128,-48.40712,T,ISL,BR,,26.0,,,,0,,60,America/Sao_Paulo,2018-10-05,Ilha Pedras dos Gales,Ilha Pedras dos Galés,Ilha da Gale,Ilha da Galé,Ilha das Gales,Ilha das Galés,Pedra de Gale,Pedras das Gales,Pedras das Galés,,,,,,,,,,,,,,,,,,,,,,,,,,,,,,,,,,,,,,,,,,,,,,,,,,,,,,,,,,
44741,3462737,Praia dos Gaegos,Praia dos Gaegos,-22.78823,-43.21411,T,BCH,BR,,21.0,,,,0,,-8,America/Sao_Paulo,2012-01-19,Praia dos Gaegos,,,,,,,,,,,,,,,,,,,,,,,,,,,,,,,,,,,,,,,,,,,,,,,,,,,,,,,,,,,,,,,,,,
44770,3462766,Ilha Furtada,Ilha Furtada,-22.97972,-43.91556,T,ISL,BR,,21.0,,,,0,,-9999,America/Sao_Paulo,2012-12-05,Ilha Furtada,,,,,,,,,,,,,,,,,,,,,,,,,,,,,,,,,,,,,,,,,,,,,,,,,,,,,,,,,,,,,,,,,,
44797,3462793,Praia do Furado,Praia do Furado,-22.11667,-41.16667,T,BCH,BR,,21.0,,,,0,,-9999,America/Sao_Paulo,2018-12-05,Praia do Furado,,,,,,,,,,,,,,,,,,,,,,,,,,,,,,,,,,,,,,,,,,,,,,,,,,,,,,,,,,,,,,,,,,
44799,3462795,Ilha do Furado,Ilha do Furado,-30.35,-50.71667,T,ISL,BR,,23.0,,,,0,,1,America/Sao_Paulo,2012-01-19,Ilha do Frade,Ilha do Furado,,,,,,,,,,,,,,,,,,,,,,,,,,,,,,,,,,,,,,,,,,,,,,,,,,,,,,,,,,,,,,,,,
44931,3462927,Cabo Frio,Cabo Frio,-23.01662,-42.00068,T,CAPE,BR,,21.0,3300704.0,,,0,,5,America/Sao_Paulo,2017-12-20,Cabo Frio,Cape Frio,,,,,,,,,,,,,,,,,,,,,,,,,,,,,,,,,,,,,,,,,,,,,,,,,,,,,,,,,,,,,,,,,
44959,3462955,Freguesia,Freguesia,-22.78955,-43.17206,P,PPL,BR,,21.0,3304557.0,,,0,,24,America/Sao_Paulo,2012-08-03,Freguesia,Freguezia,,,,,,,,,,,,,,,,,,,,,,,,,,,,,,,,,,,,,,,,,,,,,,,,,,,,,,,,,,,,,,,,,
45010,3463006,Ilha do Francês,Ilha do Frances,-22.4019,-41.69406,T,ISL,BR,,21.0,3302403.0,,,0,,49,America/Sao_Paulo,2014-04-09,Francez Island,Ilha do Frances,Ilha do Francês,,,,,,,,,,,,,,,,,,,,,,,,,,,,,,,,,,,,,,,,,,,,,,,,,,,,,,,,,,,,,,,,
45011,3463007,Ilha do Francês,Ilha do Frances,-20.9,-40.75,T,ISL,BR,,8.0,,,,0,,-9999,America/Sao_Paulo,2012-12-05,Ilha do Frances,Ilha do Francês,,,,,,,,,,,,,,,,,,,,,,,,,,,,,,,,,,,,,,,,,,,,,,,,,,,,,,,,,,,,,,,,,
45025,3463021,Rio do Frade,Rio do Frade,-16.68333,-39.1,H,STM,BR,,5.0,,,,0,,-9999,America/Bahia,2021-08-23,Do Frade River,Rio do Frade,,,,,,,,,,,,,,,,,,,,,,,,,,,,,,,,,,,,,,,,,,,,,,,,,,,,,,,,,,,,,,,,,
45026,3463022,Ponta do Frade,Ponta do Frade,-23.93333,-45.43333,T,PT,BR,,27.0,3520400.0,,,0,,125,America/Sao_Paulo,2013-03-05,Ponta do Frade,,,,,,,,,,,,,,,,,,,,,,,,,,,,,,,,,,,,,,,,,,,,,,,,,,,,,,,,,,,,,,,,,,
45030,3463026,Ilha do Frade,Ilha do Frade,-23.07305,-43.57364,T,ISL,BR,,21.0,3304557.0,,,0,,4,America/Sao_Paulo,2017-12-22,Ilha do Frade,,,,,,,,,,,,,,,,,,,,,,,,,,,,,,,,,,,,,,,,,,,,,,,,,,,,,,,,,,,,,,,,,,
45061,3463057,Baía da Fortaleza,Baia da Fortaleza,-23.51667,-45.13333,H,BAY,BR,,27.0,,,,0,,-9999,America/Sao_Paulo,2020-06-11,Baia da Fortaleza,Baía da Fortaleza,Enseada da Fortaleza,,,,,,,,,,,,,,,,,,,,,,,,,,,,,,,,,,,,,,,,,,,,,,,,,,,,,,,,,,,,,,,,
45175,3463171,Corredeira da Formiga,Corredeira da Formiga,-25.6,-54.36667,H,RPDS,BR,,0.0,,,,0,,191,America/Sao_Paulo,1993-12-17,,,,,,,,,,,,,,,,,,,,,,,,,,,,,,,,,,,,,,,,,,,,,,,,,,,,,,,,,,,,,,,,,,,
45187,3463183,Recifes de Fora,Recifes de Fora,-16.43333,-38.93333,H,RF,BR,,5.0,,,,0,,-9999,America/Bahia,2012-12-05,Recifes de Fora,,,,,,,,,,,,,,,,,,,,,,,,,,,,,,,,,,,,,,,,,,,,,,,,,,,,,,,,,,,,,,,,,,
45313,3463309,Praia das Flecheiras,Praia das Flecheiras,-22.81667,-43.25,T,BCH,BR,,21.0,3304557.0,,,0,,9,America/Sao_Paulo,2016-06-22,Praia das Flecheiras,,,,,,,,,,,,,,,,,,,,,,,,,,,,,,,,,,,,,,,,,,,,,,,,,,,,,,,,,,,,,,,,,,
45319,3463315,Canal da Flecha,Canal da Flecha,-22.1,-41.13333,H,CNL,BR,,21.0,,,,0,,-9999,America/Sao_Paulo,2014-10-01,,,,,,,,,,,,,,,,,,,,,,,,,,,,,,,,,,,,,,,,,,,,,,,,,,,,,,,,,,,,,,,,,,,
45321,3463317,Baía do Flamengo,Baia do Flamengo,-23.5,-45.1,H,BAY,BR,,27.0,,,,0,,-9999,America/Sao_Paulo,2020-06-11,Baia do Flamengo,Baía do Flamengo,Enseado do Flamengo,,,,,,,,,,,,,,,,,,,,,,,,,,,,,,,,,,,,,,,,,,,,,,,,,,,,,,,,,,,,,,,,
45328,3463324,Ilha Fiscal,Ilha Fiscal,-22.89697,-43.1664,T,ISL,BR,,21.0,3304557.0,,,0,,7,America/Sao_Paulo,2014-04-09,Ilha Fiscal,Ilha dos Ratos,Rat Island,,,,,,,,,,,,,,,,,,,,,,,,,,,,,,,,,,,,,,,,,,,,,,,,,,,,,,,,,,,,,,,,
45372,3463368,Ilha da Figueira,Ilha da Figueira,-25.35682,-48.0369,T,ISL,BR,,18.0,,,,0,,39,America/Sao_Paulo,2016-06-15,Figueira Island,,,,,,,,,,,,,,,,,,,,,,,,,,,,,,,,,,,,,,,,,,,,,,,,,,,,,,,,,,,,,,,,,,
45405,3463401,Ilha do Ferro,Ilha do Ferro,-22.79857,-43.12324,T,ISL,BR,,21.0,,,,0,,-9999,America/Sao_Paulo,2012-01-19,Ilha do Ferro,,,,,,,,,,,,,,,,,,,,,,,,,,,,,,,,,,,,,,,,,,,,,,,,,,,,,,,,,,,,,,,,,,
45409,3463405,Ponta dos Ferreiros,Ponta dos Ferreiros,-22.98979,-41.97399,T,PT,BR,,21.0,3300258.0,,,0,,13,America/Sao_Paulo,2017-12-20,Ponta dos Ferreiros,,,,,,,,,,,,,,,,,,,,,,,,,,,,,,,,,,,,,,,,,,,,,,,,,,,,,,,,,,,,,,,,,,
45411,3463407,Ilha dos Ferreiros,Ilha dos Ferreiros,-22.86667,-43.2,T,ISL,BR,,21.0,,,,0,,-9999,America/Sao_Paulo,2012-01-19,Ferreiras,Ilha dos Ferreiros,,,,,,,,,,,,,,,,,,,,,,,,,,,,,,,,,,,,,,,,,,,,,,,,,,,,,,,,,,,,,,,,,
45452,3463448,Saco da Felizarda,Saco da Felizarda,-33.53333,-53.46667,H,BAY,BR,,23.0,,,,0,,0,America/Sao_Paulo,1993-12-17,,,,,,,,,,,,,,,,,,,,,,,,,,,,,,,,,,,,,,,,,,,,,,,,,,,,,,,,,,,,,,,,,,,
45476,3463472,Ilha da Feitoria,Ilha da Feitoria,-31.65,-52.0,T,ISL,BR,,23.0,,,,0,,-9999,America/Sao_Paulo,2012-01-19,Ilha da Feitora,Ilha da Feitoria,,,,,,,,,,,,,,,,,,,,,,,,,,,,,,,,,,,,,,,,,,,,,,,,,,,,,,,,,,,,,,,,,
45479,3463475,Ponta das Feiticeiras,Ponta das Feiticeiras,-27.40568,-48.40606,T,PT,BR,,26.0,4205407.0,,,0,,8,America/Sao_Paulo,2016-06-13,Ponta da Feiticeira,Ponta das Feiticeiras,,,,,,,,,,,,,,,,,,,,,,,,,,,,,,,,,,,,,,,,,,,,,,,,,,,,,,,,,,,,,,,,,
45503,3463499,Ilha Feia,Ilha Feia,-26.74469,-48.63699,T,ISL,BR,,26.0,4212502.0,,,0,,57,America/Sao_Paulo,2016-06-13,Ilha Feia,,,,,,,,,,,,,,,,,,,,,,,,,,,,,,,,,,,,,,,,,,,,,,,,,,,,,,,,,,,,,,,,,,
45504,3463500,Ilha Feia,Ilha Feia,-26.4674,-48.5798,T,ISL,BR,,26.0,,,,0,,2,America/Sao_Paulo,2012-01-19,Ilha Feia,,,,,,,,,,,,,,,,,,,,,,,,,,,,,,,,,,,,,,,,,,,,,,,,,,,,,,,,,,,,,,,,,,
45505,3463501,Ilha Feia,Ilha Feia,-22.73333,-41.93333,T,ISL,BR,,21.0,,,,0,,-9999,America/Sao_Paulo,2012-01-19,Ilha Feia,Ilha da Rosa,,,,,,,,,,,,,,,,,,,,,,,,,,,,,,,,,,,,,,,,,,,,,,,,,,,,,,,,,,,,,,,,,
45590,3463587,Ponta do Fato,Ponta do Fato,-20.29302,-40.28524,T,PT,BR,,8.0,3205309.0,,,0,,-9999,America/Sao_Paulo,2018-11-29,Ponta do Fato,,,,,,,,,,,,,,,,,,,,,,,,,,,,,,,,,,,,,,,,,,,,,,,,,,,,,,,,,,,,,,,,,,
45591,3463588,Ilha do Fato,Ilha do Fato,-20.2928,-40.2834,T,ISL,BR,,8.0,3205309.0,,,0,,-9999,America/Sao_Paulo,2018-11-29,Ilha do Fato,,,,,,,,,,,,,,,,,,,,,,,,,,,,,,,,,,,,,,,,,,,,,,,,,,,,,,,,,,,,,,,,,,
45759,3463756,Enseada da Estrêla,Enseada da Estrela,-23.11147,-44.1901,H,BAY,BR,,21.0,,,,0,,-9999,America/Sao_Paulo,2014-04-21,Enseada da Estrela,Enseada da Estrêla,,,,,,,,,,,,,,,,,,,,,,,,,,,,,,,,,,,,,,,,,,,,,,,,,,,,,,,,,,,,,,,,,
45865,3463862,Ponta dos Estaqueadores,Ponta dos Estaqueadores,-30.33333,-50.63333,T,PT,BR,,23.0,,,,0,,-2,America/Sao_Paulo,2018-12-05,Ponta dos Estaqueadores,,,,,,,,,,,,,,,,,,,,,,,,,,,,,,,,,,,,,,,,,,,,,,,,,,,,,,,,,,,,,,,,,,
45935,3463932,Baía do Espírito Santo,Baia do Espirito Santo,-20.29922,-40.26118,H,BAY,BR,,8.0,3205309.0,,,0,,-9999,America/Sao_Paulo,2018-11-29,Baia do Espirito Santo,Baía do Espírito Santo,Espirito Santo Bay,,,,,,,,,,,,,,,,,,,,,,,,,,,,,,,,,,,,,,,,,,,,,,,,,,,,,,,,,,,,,,,,
45967,3463964,Ponta do Espia,Ponta do Espia,-23.53333,-45.08333,T,PT,BR,,27.0,,,,0,,-9999,America/Sao_Paulo,2012-01-19,Ponta Bonete,Ponta do Espia,,,,,,,,,,,,,,,,,,,,,,,,,,,,,,,,,,,,,,,,,,,,,,,,,,,,,,,,,,,,,,,,,
46038,3464035,Ilha Escalvada,Ilha Escalvada,-20.7,-40.41667,T,ISL,BR,,8.0,,,,0,,-9999,America/Sao_Paulo,2012-01-19,Ilha Escalvada,Ilha Escalvado,,,,,,,,,,,,,,,,,,,,,,,,,,,,,,,,,,,,,,,,,,,,,,,,,,,,,,,,,,,,,,,,,
46039,3464036,Ponta Escada do Inferno,Ponta Escada do Inferno,-26.83333,-48.61667,T,PT,BR,,26.0,,,,0,,-9999,America/Sao_Paulo,2012-01-19,Ponta Escada do Inferno,Ponta Itapocoroia,Ponta Itapocoroy,Ponta Itapocoróia,,,,,,,,,,,,,,,,,,,,,,,,,,,,,,,,,,,,,,,,,,,,,,,,,,,,,,,,,,,,,,,
46090,3464087,Morro das Enxovas,Morro das Enxovas,-23.88333,-45.33333,T,MT,BR,,27.0,3520400.0,,,0,,480,America/Sao_Paulo,2013-03-05,Morro das Enxovas,,,,,,,,,,,,,,,,,,,,,,,,,,,,,,,,,,,,,,,,,,,,,,,,,,,,,,,,,,,,,,,,,,
46092,3464089,Ilha das Enxadas,Ilha das Enxadas,-22.88352,-43.1749,T,ISL,BR,,21.0,,,,0,,0,America/Sao_Paulo,2019-02-21,Enchadas Island,Ilha das Enchadas,Ilha das Enxadas,,,,,,,,,,,,,,,,,,,,,,,,,,,,,,,,,,,,,,,,,,,,,,,,,,,,,,,,,,,,,,,,
46114,3464111,Ponta da Enseada,Ponta da Enseada,-23.83101,-46.04765,T,PT,BR,,27.0,3506359.0,,,0,,70,America/Sao_Paulo,2016-06-15,Ponta da Enseada,,,,,,,,,,,,,,,,,,,,,,,,,,,,,,,,,,,,,,,,,,,,,,,,,,,,,,,,,,,,,,,,,,
46115,3464112,Ponta da Enseada Grande,Ponta da Enseada Grande,-23.21791,-44.34564,T,PT,BR,,21.0,,,,0,,67,America/Sao_Paulo,2022-11-11,Ponta da Enseada,Ponta da Enseada Grande,Ponta da Escada,,,,,,,,,,,,,,,,,,,,,,,,,,,,,,,,,,,,,,,,,,,,,,,,,,,,,,,,,,,,,,,,
46116,3464113,Ponta da Enseada,Ponta da Enseada,-23.10263,-44.1907,T,PT,BR,,21.0,3300100.0,,,0,,19,America/Sao_Paulo,2014-04-21,Ponta da Enseada,,,,,,,,,,,,,,,,,,,,,,,,,,,,,,,,,,,,,,,,,,,,,,,,,,,,,,,,,,,,,,,,,,
46122,3464119,Praia do Engenho Velho,Praia do Engenho Velho,-22.81604,-43.21246,T,BCH,BR,,21.0,3304557.0,,,0,,9,America/Sao_Paulo,2016-06-22,Praia do Engenho Velho,,,,,,,,,,,,,,,,,,,,,,,,,,,,,,,,,,,,,,,,,,,,,,,,,,,,,,,,,,,,,,,,,,
46150,3464147,Praia Engenhoca,Praia Engenhoca,-22.83333,-43.16667,T,BCH,BR,,21.0,,,,0,,-9999,America/Sao_Paulo,2012-12-05,Praia Engenhoca,,,,,,,,,,,,,,,,,,,,,,,,,,,,,,,,,,,,,,,,,,,,,,,,,,,,,,,,,,,,,,,,,,
46159,3464156,Ilha do Engenho,Ilha do Engenho,-22.83497,-43.10932,T,ISL,BR,,21.0,3304904.0,,,0,,0,America/Sao_Paulo,2014-04-09,Ilha do Engenho,,,,,,,,,,,,,,,,,,,,,,,,,,,,,,,,,,,,,,,,,,,,,,,,,,,,,,,,,,,,,,,,,,
46271,3464268,Enseada das Enchovas,Enseada das Enchovas,-23.95,-45.3,H,BAY,BR,,27.0,,,,0,,-9999,America/Sao_Paulo,2013-03-05,Enseada das Enchovas,,,,,,,,,,,,,,,,,,,,,,,,,,,,,,,,,,,,,,,,,,,,,,,,,,,,,,,,,,,,,,,,,,
46295,3464293,Ponta Emerenças,Ponta Emerencas,-22.81667,-41.93333,T,PT,BR,,21.0,,,,0,,-9999,America/Sao_Paulo,2020-06-11,Ponta Emerencas,Ponta Emerencia,Ponta Emerenças,Ponta Emerina,Ponta Emerência,,,,,,,,,,,,,,,,,,,,,,,,,,,,,,,,,,,,,,,,,,,,,,,,,,,,,,,,,,,,,,
46427,3464425,Ponta do Drago,Ponta do Drago,-23.22315,-44.33389,T,PT,BR,,21.0,,,,0,,62,America/Sao_Paulo,2022-11-11,Ponta do Drago,,,,,,,,,,,,,,,,,,,,,,,,,,,,,,,,,,,,,,,,,,,,,,,,,,,,,,,,,,,,,,,,,,
46528,3464526,Ponta Dona Helena,Ponta Dona Helena,-30.88333,-51.35,T,PT,BR,,23.0,,,,0,,-9999,America/Sao_Paulo,2012-01-19,Dona Helana Point,Ponta Dona Elena,Ponta Dona Helena,,,,,,,,,,,,,,,,,,,,,,,,,,,,,,,,,,,,,,,,,,,,,,,,,,,,,,,,,,,,,,,,
46546,3464544,Rochedos Dom Rodrigo,Rochedos Dom Rodrigo,-10.21667,-36.06667,T,RKS,BR,,2.0,,,,0,,-9999,America/Noronha,2012-01-19,Dom Rodrigo Rocks,Rocas Dom Rodrigo,Rochedos Dom Rodrigo,Rochedos de Dom Rodrigo,,,,,,,,,,,,,,,,,,,,,,,,,,,,,,,,,,,,,,,,,,,,,,,,,,,,,,,,,,,,,,,
46583,3464581,Dois Rios,Dois Rios,-23.18136,-44.19014,P,PPL,BR,,21.0,3300100.0,,,0,,7,America/Sao_Paulo,2014-04-21,Dois Rios,,,,,,,,,,,,,,,,,,,,,,,,,,,,,,,,,,,,,,,,,,,,,,,,,,,,,,,,,,,,,,,,,,
46711,3464709,Ponta do Diogo,Ponta do Diogo,-23.93333,-45.28333,T,PT,BR,,27.0,,,,0,,155,America/Sao_Paulo,2013-03-05,Ponta do Diogo,,,,,,,,,,,,,,,,,,,,,,,,,,,,,,,,,,,,,,,,,,,,,,,,,,,,,,,,,,,,,,,,,,
46745,3464743,Garganta del Diablo,Garganta del Diablo,-25.7,-54.48333,T,GRGE,BR,AR,0.0,,,,0,,252,America/Sao_Paulo,2014-03-08,Garganta del Diablo,Garganta do Diabo,,,,,,,,,,,,,,,,,,,,,,,,,,,,,,,,,,,,,,,,,,,,,,,,,,,,,,,,,,,,,,,,,
46772,3464771,Ponta das Desertas,Ponta das Desertas,-30.45,-50.9,T,PT,BR,,23.0,,,,0,,-9999,America/Sao_Paulo,2018-12-05,Ponta das Desertas,,,,,,,,,,,,,,,,,,,,,,,,,,,,,,,,,,,,,,,,,,,,,,,,,,,,,,,,,,,,,,,,,,
46775,3464774,Ilha Deserta,Ilha Deserta,-27.29277,-48.31203,T,ISL,BR,,26.0,,,,0,,-9999,America/Sao_Paulo,2016-06-13,Ilha Desierta,,,,,,,,,,,,,,,,,,,,,,,,,,,,,,,,,,,,,,,,,,,,,,,,,,,,,,,,,,,,,,,,,,
46834,3464833,Praia do Dendê,Praia do Dende,-22.79368,-43.19886,T,BCH,BR,,21.0,3304557.0,,,0,,1,America/Sao_Paulo,2016-06-22,Praia do Dende,Praia do Dendê,,,,,,,,,,,,,,,,,,,,,,,,,,,,,,,,,,,,,,,,,,,,,,,,,,,,,,,,,,,,,,,,,
46880,3464880,Ilha Cutiatá-Açu,Ilha Cutiata-Acu,-23.03953,-44.12744,T,ISL,BR,,21.0,,,,0,,101,America/Sao_Paulo,2020-06-11,Cutiata Assu,Cutiatá Assú,Ilha Culiatas,Ilha Cutiata-Acu,Ilha Cutiatas,Ilha Cutiatá-Açu,Ilha Cutiatás,,,,,,,,,,,,,,,,,,,,,,,,,,,,,,,,,,,,,,,,,,,,,,,,,,,,,,,,,,,,
47005,3465005,Ilha Cunhambebe,Ilha Cunhambebe,-22.96667,-44.43333,T,ISL,BR,,21.0,,,,0,,-9999,America/Sao_Paulo,2012-01-19,Ilha Cunhambeba Grande,Ilha Cunhambebe,,,,,,,,,,,,,,,,,,,,,,,,,,,,,,,,,,,,,,,,,,,,,,,,,,,,,,,,,,,,,,,,,
47040,3465040,Cueira,Cueira,-13.6,-38.88333,P,PPL,BR,,5.0,2905404.0,,,0,,-9999,America/Bahia,2018-07-23,,,,,,,,,,,,,,,,,,,,,,,,,,,,,,,,,,,,,,,,,,,,,,,,,,,,,,,,,,,,,,,,,,,
47117,3465118,Ponta da Cruz,Ponta da Cruz,-13.08333,-38.68333,T,PT,BR,,5.0,,,,0,,-9999,America/Bahia,2018-12-05,Ponta da Cruz,,,,,,,,,,,,,,,,,,,,,,,,,,,,,,,,,,,,,,,,,,,,,,,,,,,,,,,,,,,,,,,,,,
47118,3465119,Ilha da Cruz,Ilha da Cruz,-29.2,-56.65,T,ISL,BR,,23.0,,,,0,,53,America/Sao_Paulo,2018-12-05,Ilha da Cruz,,,,,,,,,,,,,,,,,,,,,,,,,,,,,,,,,,,,,,,,,,,,,,,,,,,,,,,,,,,,,,,,,,
47147,3465148,Ponta de Cristóvão Pereira,Ponta de Cristovao Pereira,-31.0632,-51.16736,T,PT,BR,,23.0,4312500.0,,,0,,1,America/Sao_Paulo,2018-12-05,Christovao Pereira Point,Christovão Pereira Point,Ponta de Cristovao Pereira,Ponta de Cristóvão Pereira,Ponta do Christovao,Ponta do Christovão,,,,,,,,,,,,,,,,,,,,,,,,,,,,,,,,,,,,,,,,,,,,,,,,,,,,,,,,,,,,,
47179,3465180,Ponta Crista de Galo,Ponta Crista de Galo,-20.48896,-29.33342,T,PT,BR,,8.0,3205309.0,,,0,,7,America/Noronha,2017-12-26,Ponta Crista de Galo,Ponta Crista do Gallo,,,,,,,,,,,,,,,,,,,,,,,,,,,,,,,,,,,,,,,,,,,,,,,,,,,,,,,,,,,,,,,,,
47200,3465201,Riacho Cressuípe,Riacho Cressuipe,-17.68333,-39.13333,H,STM,BR,,5.0,,,,0,,-9999,America/Bahia,2012-12-05,Riacho Cressuipe,Riacho Cressuípe,,,,,,,,,,,,,,,,,,,,,,,,,,,,,,,,,,,,,,,,,,,,,,,,,,,,,,,,,,,,,,,,,
47205,3465206,Crescêncio,Crescencio,-23.26667,-55.53333,P,PPL,BR,,11.0,5003157.0,,,0,,514,America/Campo_Grande,2018-07-23,,,,,,,,,,,,,,,,,,,,,,,,,,,,,,,,,,,,,,,,,,,,,,,,,,,,,,,,,,,,,,,,,,,
47246,3465247,Ilha das Couves,Ilha das Couves,-23.8018,-45.72038,T,ISL,BR,,27.0,3550704.0,,,0,,127,America/Sao_Paulo,2016-06-15,Ilha das Couves,,,,,,,,,,,,,,,,,,,,,,,,,,,,,,,,,,,,,,,,,,,,,,,,,,,,,,,,,,,,,,,,,,
47247,3465248,Ilha das Couves,Ilha das Couves,-23.4211,-44.85308,T,ISL,BR,,27.0,,,,0,,66,America/Sao_Paulo,2018-11-06,Cove Island,Ilha da Couve,Ilha das Couves,,,,,,,,,,,,,,,,,,,,,,,,,,,,,,,,,,,,,,,,,,,,,,,,,,,,,,,,,,,,,,,,
47256,3465257,Ponta da Cousa Má,Ponta da Cousa Ma,-22.83121,-43.17057,T,PT,BR,,21.0,3304557.0,,,0,,6,America/Sao_Paulo,2012-08-03,Ponta Coisa Ma,Ponta Coisa Má,Ponta da Cousa Ma,Ponta da Cousa Má,,,,,,,,,,,,,,,,,,,,,,,,,,,,,,,,,,,,,,,,,,,,,,,,,,,,,,,,,,,,,,,
47265,3465266,Ilha Cotunduba,Ilha Cotunduba,-22.96341,-43.14908,T,ISL,BR,,21.0,3304557.0,,,0,,66,America/Sao_Paulo,2016-07-05,Cotundubu Island,Ilha Contuduba,Ilha Cotunduba,Ilha de Catunduba,Ilha de Cotunduba,,,,,,,,,,,,,,,,,,,,,,,,,,,,,,,,,,,,,,,,,,,,,,,,,,,,,,,,,,,,,,
47307,3465308,Ponta do Costão,Ponta do Costao,-23.86667,-45.26667,T,PT,BR,,27.0,,,,0,,-9999,America/Sao_Paulo,2013-03-05,Ponta do Costao,Ponta do Costão,,,,,,,,,,,,,,,,,,,,,,,,,,,,,,,,,,,,,,,,,,,,,,,,,,,,,,,,,,,,,,,,,
47326,3465327,Rio Coruripe,Rio Coruripe,-10.16579,-36.16123,H,STM,BR,,2.0,,,,0,,4,America/Maceio,2021-08-31,Coruripe River,Rio Coruripe,,,,,,,,,,,,,,,,,,,,,,,,,,,,,,,,,,,,,,,,,,,,,,,,,,,,,,,,,,,,,,,,,
47332,3465333,Rio Corumbaú,Rio Corumbau,-16.88333,-39.11667,H,STM,BR,,5.0,,,,0,,-9999,America/Bahia,2012-01-19,Rio Corumbao,Rio Corumbau,Rio Corumbaú,Rio Corumbão,,,,,,,,,,,,,,,,,,,,,,,,,,,,,,,,,,,,,,,,,,,,,,,,,,,,,,,,,,,,,,,
47333,3465334,Ponta Corumbaú,Ponta Corumbau,-16.88333,-39.1,T,PT,BR,,5.0,,,,0,,-9999,America/Bahia,2012-01-19,Ponta Corumbao,Ponta Corumbau,Ponta Corumbaú,Ponta Corumbão,,,,,,,,,,,,,,,,,,,,,,,,,,,,,,,,,,,,,,,,,,,,,,,,,,,,,,,,,,,,,,,
47483,3465484,Laje do Coronel,Laje do Coronel,-23.09938,-44.39945,T,RK,BR,,21.0,,,,0,,-9999,America/Sao_Paulo,2018-11-06,Laje do Coronel,,,,,,,,,,,,,,,,,,,,,,,,,,,,,,,,,,,,,,,,,,,,,,,,,,,,,,,,,,,,,,,,,,
47500,3465501,Recife da Coroa Alta,Recife da Coroa Alta,-16.22671,-38.95374,H,RF,BR,,1.0,,,,0,,-9999,America/Bahia,2014-10-23,Este Recife,Recife da Coroa Alta,Recifes da Coroa Alta,,,,,,,,,,,,,,,,,,,,,,,,,,,,,,,,,,,,,,,,,,,,,,,,,,,,,,,,,,,,,,,,
47504,3465505,Coroa,Coroa,-13.01667,-38.61667,P,PPL,BR,,5.0,2933208.0,,,0,,-9999,America/Bahia,2018-07-23,,,,,,,,,,,,,,,,,,,,,,,,,,,,,,,,,,,,,,,,,,,,,,,,,,,,,,,,,,,,,,,,,,,
47536,3465537,Ilha de Coral,Ilha de Coral,-27.93713,-48.54246,T,ISL,BR,,26.0,,,,0,,37,America/Sao_Paulo,2018-10-05,Ilha Coral,Ilha de Coral,Ilha do Coral,,,,,,,,,,,,,,,,,,,,,,,,,,,,,,,,,,,,,,,,,,,,,,,,,,,,,,,,,,,,,,,,
47537,3465538,Ilhas Corais,Ilhas Corais,-25.73481,-48.36946,T,ISLS,BR,,18.0,,,,0,,-9999,America/Sao_Paulo,2016-06-15,Cural Islands,Ilha Coral,Ilha do Coral,Ilha dos Currais,Ilhas Corais,Ilhas Curraes,Ilhas Currais,,,,,,,,,,,,,,,,,,,,,,,,,,,,,,,,,,,,,,,,,,,,,,,,,,,,,,,,,,,,
47538,3465539,Ilha dos Corais,Ilha dos Corais,-25.73574,-48.36534,T,ISL,BR,,18.0,,,,0,,41,America/Sao_Paulo,2016-06-15,,,,,,,,,,,,,,,,,,,,,,,,,,,,,,,,,,,,,,,,,,,,,,,,,,,,,,,,,,,,,,,,,,,
47592,3465593,Ilha da Convivência,Ilha da Convivencia,-21.6,-41.03333,T,ISL,BR,,21.0,,,,0,,1,America/Sao_Paulo,2020-06-11,Ilha Lima Pantupo,Ilha da Convivencia,Ilha da Convivência,Ilha do Lima,,,,,,,,,,,,,,,,,,,,,,,,,,,,,,,,,,,,,,,,,,,,,,,,,,,,,,,,,,,,,,,
47633,3465635,Ponta do Conselho,Ponta do Conselho,-13.01727,-38.48702,T,PT,BR,,5.0,,,,0,,-9999,America/Bahia,2018-01-02,,,,,,,,,,,,,,,,,,,,,,,,,,,,,,,,,,,,,,,,,,,,,,,,,,,,,,,,,,,,,,,,,,,
47657,3465659,Banco Congress,Banco Congress,-20.5,-37.41667,H,BNK,BR,,0.0,,,,0,,-9999,America/Noronha,2012-01-19,Banco Congress,Banco Progresso,,,,,,,,,,,,,,,,,,,,,,,,,,,,,,,,,,,,,,,,,,,,,,,,,,,,,,,,,,,,,,,,,
47708,3465710,Arroio do Conde,Arroio do Conde,-30.05361,-51.30203,H,STM,BR,,23.0,,,,0,,2,America/Sao_Paulo,2021-04-10,Arroio do Conde,,,,,,,,,,,,,,,,,,,,,,,,,,,,,,,,,,,,,,,,,,,,,,,,,,,,,,,,,,,,,,,,,,
47779,3465781,Laje da Conceição,Laje da Conceicao,-24.23703,-46.69048,T,RK,BR,,27.0,,,,0,,-9999,America/Sao_Paulo,2016-06-15,Laje da Conceicao,Laje da Conceição,,,,,,,,,,,,,,,,,,,,,,,,,,,,,,,,,,,,,,,,,,,,,,,,,,,,,,,,,,,,,,,,,
47782,3465784,Ilha da Conceição,Ilha da Conceicao,-22.8708,-43.11765,T,ISL,BR,,21.0,3303302.0,,,0,,64,America/Sao_Paulo,2017-12-23,Conceicao Island,Ilha Conceicao,Ilha Conceição,Ilha da Conceicao,Ilha da Conceição,Wilsons Island,,,,,,,,,,,,,,,,,,,,,,,,,,,,,,,,,,,,,,,,,,,,,,,,,,,,,,,,,,,,,
47835,3465837,Ilha Comprida,Ilha Comprida,-27.81667,-55.06667,T,ISL,BR,,23.0,,,,0,,153,America/Sao_Paulo,2018-12-05,Ilha Comprida,,,,,,,,,,,,,,,,,,,,,,,,,,,,,,,,,,,,,,,,,,,,,,,,,,,,,,,,,,,,,,,,,,
47837,3465839,Ilha Comprida,Ilha Comprida,-23.39859,-44.85229,T,ISL,BR,,27.0,,,,0,,48,America/Sao_Paulo,2018-11-06,Ilha Comprida,,,,,,,,,,,,,,,,,,,,,,,,,,,,,,,,,,,,,,,,,,,,,,,,,,,,,,,,,,,,,,,,,,
47838,3465840,Ilha Comprida,Ilha Comprida,-23.03736,-43.20171,T,ISL,BR,,21.0,,,,0,,15,America/Sao_Paulo,2019-02-21,Ilha Comprida,Ilhas Comprida,,,,,,,,,,,,,,,,,,,,,,,,,,,,,,,,,,,,,,,,,,,,,,,,,,,,,,,,,,,,,,,,,
47840,3465842,Ilha Comprida,Ilha Comprida,-22.91667,-41.95,T,ISL,BR,,21.0,,,,0,,-9999,America/Sao_Paulo,2012-12-05,Ilha Comprida,,,,,,,,,,,,,,,,,,,,,,,,,,,,,,,,,,,,,,,,,,,,,,,,,,,,,,,,,,,,,,,,,,
47841,3465843,Ilha Comprida,Ilha Comprida,-22.80568,-43.1236,T,ISL,BR,,21.0,,,,0,,0,America/Sao_Paulo,2012-01-19,Ilha Comprida,,,,,,,,,,,,,,,,,,,,,,,,,,,,,,,,,,,,,,,,,,,,,,,,,,,,,,,,,,,,,,,,,,
47872,3465874,Rio Comandaí,Rio Comandai,-27.85,-55.05,H,STM,BR,,23.0,,,,0,,95,America/Sao_Paulo,2021-08-09,Comandai River,Comandaí River,Rio Comandahy,Rio Comandai,Rio Comandaí,,,,,,,,,,,,,,,,,,,,,,,,,,,,,,,,,,,,,,,,,,,,,,,,,,,,,,,,,,,,,,
47975,3465977,Saco do Cocuruto,Saco do Cocuruto,-30.45,-50.6,H,BAY,BR,,23.0,,,,0,,-9999,America/Sao_Paulo,1993-12-17,,,,,,,,,,,,,,,,,,,,,,,,,,,,,,,,,,,,,,,,,,,,,,,,,,,,,,,,,,,,,,,,,,,
47986,3465988,Ilha dos Cocos,Ilha dos Cocos,-23.2006,-44.58125,T,ISL,BR,,21.0,,,,0,,57,America/Sao_Paulo,2018-11-06,Ilha do Coco,Ilha do Côco,Ilha dos Cocos,Ilha dos Côcos,,,,,,,,,,,,,,,,,,,,,,,,,,,,,,,,,,,,,,,,,,,,,,,,,,,,,,,,,,,,,,,
48147,3466149,Ponta dos Cinco Farilhões,Ponta dos Cinco Farilhoes,-20.52547,-29.33161,T,PT,BR,,8.0,,,,0,,-9999,America/Noronha,2017-12-26,Ponta dos Cinco Farilhoes,Ponta dos Cinco Farilhões,Ponta dos Cinco Farrilhoes,Ponta dos Cinco Farrilhões,,,,,,,,,,,,,,,,,,,,,,,,,,,,,,,,,,,,,,,,,,,,,,,,,,,,,,,,,,,,,,,
48164,3466166,Ilha da Cidade Universitária,Ilha da Cidade Universitaria,-22.85,-43.23333,T,ISL,BR,,21.0,,,,0,,11,America/Sao_Paulo,2012-01-19,Ilha da Cidade Universitaria,Ilha da Cidade Universitária,,,,,,,,,,,,,,,,,,,,,,,,,,,,,,,,,,,,,,,,,,,,,,,,,,,,,,,,,,,,,,,,,
48184,3466186,Arroyo Chuy,Arroyo Chuy,-33.74365,-53.36904,H,STM,BR,,0.0,,,,0,,0,America/Sao_Paulo,2015-09-06,Arroio Chu,Arroio Chui,Arroio Chuí,Arroio Xui,Arroio Xuí,Arroyo Chuy,Arroyo del Chuy,Rio Chuy,,,,,,,,,,,,,,,,,,,,,,,,,,,,,,,,,,,,,,,,,,,,,,,,,,,,,,,,,,,
48251,3466253,Ponta da Chave,Ponta da Chave,-23.88333,-45.23333,T,PT,BR,,27.0,,,,0,,-9999,America/Sao_Paulo,2013-03-05,Ponta da Chave,,,,,,,,,,,,,,,,,,,,,,,,,,,,,,,,,,,,,,,,,,,,,,,,,,,,,,,,,,,,,,,,,,
48252,3466254,Ponta do Chavão,Ponta do Chavao,-20.32977,-40.26868,T,PT,BR,,8.0,3205200.0,,,0,,-9999,America/Sao_Paulo,2018-11-29,Ponta do Chavao,Ponta do Chavão,,,,,,,,,,,,,,,,,,,,,,,,,,,,,,,,,,,,,,,,,,,,,,,,,,,,,,,,,,,,,,,,,
48327,3466329,Ponta do Chamador,Ponta do Chamador,-22.77673,-43.16461,T,PT,BR,,21.0,,,,0,,-9999,America/Sao_Paulo,2012-01-19,Ponta do Chamador,,,,,,,,,,,,,,,,,,,,,,,,,,,,,,,,,,,,,,,,,,,,,,,,,,,,,,,,,,,,,,,,,,
48489,3466492,Saco do Cego,Saco do Cego,-30.25145,-51.1198,H,COVE,BR,,23.0,,,,0,,1,America/Sao_Paulo,2021-04-10,Saco do Cego,Saco do Cégo,,,,,,,,,,,,,,,,,,,,,,,,,,,,,,,,,,,,,,,,,,,,,,,,,,,,,,,,,,,,,,,,,
48500,3466503,Ilha do Cedro,Ilha do Cedro,-23.07194,-44.64137,T,ISL,BR,,21.0,,,,0,,86,America/Sao_Paulo,2018-11-06,Ilha do Cedro,,,,,,,,,,,,,,,,,,,,,,,,,,,,,,,,,,,,,,,,,,,,,,,,,,,,,,,,,,,,,,,,,,
48582,3466586,Ponta do Cavalinho,Ponta do Cavalinho,-23.19386,-44.18212,T,PT,BR,,21.0,,,,0,,31,America/Sao_Paulo,2014-04-21,Ponta do Cavalinho,Ponta do Cavallinho,,,,,,,,,,,,,,,,,,,,,,,,,,,,,,,,,,,,,,,,,,,,,,,,,,,,,,,,,,,,,,,,,
48592,3466596,Ilha do Cavado,Ilha do Cavado,-23.0295,-43.60752,T,ISL,BR,,21.0,,,,0,,1,America/Sao_Paulo,2012-01-19,Ilha do Cavaco,Ilha do Cavado,,,,,,,,,,,,,,,,,,,,,,,,,,,,,,,,,,,,,,,,,,,,,,,,,,,,,,,,,,,,,,,,,
48648,3466653,Ponta Catoeiro,Ponta Catoeiro,-17.85,-39.25,T,PT,BR,,5.0,,,,0,,-9999,America/Bahia,2012-01-19,Ponta Cafoeira,Ponta Catoeiro,Ponta Catueiro,,,,,,,,,,,,,,,,,,,,,,,,,,,,,,,,,,,,,,,,,,,,,,,,,,,,,,,,,,,,,,,,
48702,3466707,Ilha do Castilho,Ilha do Castilho,-25.27346,-47.95515,T,ISL,BR,,27.0,3509908.0,,,0,,19,America/Sao_Paulo,2016-06-15,Castillo Island,,,,,,,,,,,,,,,,,,,,,,,,,,,,,,,,,,,,,,,,,,,,,,,,,,,,,,,,,,,,,,,,,,
48722,3466727,Saco dos Castelhanos,Saco dos Castelhanos,-23.15607,-44.1053,H,BAY,BR,,21.0,,,,0,,-9999,America/Sao_Paulo,2014-04-21,Saco dos Castelhanos,,,,,,,,,,,,,,,,,,,,,,,,,,,,,,,,,,,,,,,,,,,,,,,,,,,,,,,,,,,,,,,,,,
48725,3466730,Ponta dos Castelhanos,Ponta dos Castelhanos,-21.36667,-40.96667,T,PT,BR,,21.0,3304755.0,,,0,,6,America/Sao_Paulo,2012-12-05,Ponta dos Castelhanos,,,,,,,,,,,,,,,,,,,,,,,,,,,,,,,,,,,,,,,,,,,,,,,,,,,,,,,,,,,,,,,,,,
48726,3466731,Ponta dos Castelhanos,Ponta dos Castelhanos,-20.83333,-40.63333,T,PT,BR,,8.0,3200409.0,,,0,,10,America/Sao_Paulo,2012-08-03,Ponta Benevente,Ponta dos Castelhanos,,,,,,,,,,,,,,,,,,,,,,,,,,,,,,,,,,,,,,,,,,,,,,,,,,,,,,,,,,,,,,,,,
48727,3466732,Ponta de Castelhanos,Ponta de Castelhanos,-23.16703,-44.09191,T,PT,BR,,21.0,3300100.0,,,0,,29,America/Sao_Paulo,2014-04-21,Ponta de Castelhanos,Ponta dos Castelhanos,,,,,,,,,,,,,,,,,,,,,,,,,,,,,,,,,,,,,,,,,,,,,,,,,,,,,,,,,,,,,,,,,
48728,3466733,Ponta de Castelhanos,Ponta de Castelhanos,-13.66667,-38.86667,T,PT,BR,,5.0,,,,0,,-9999,America/Bahia,2012-01-19,Ponta Castelhanas,Ponta de Castelhanos,Ponta de Castilhanos,,,,,,,,,,,,,,,,,,,,,,,,,,,,,,,,,,,,,,,,,,,,,,,,,,,,,,,,,,,,,,,,
48730,3466735,Bahía de Castelhanos,Bahia de Castelhanos,-23.86355,-45.25063,H,BAY,BR,,27.0,,,,0,,-9999,America/Sao_Paulo,2014-04-22,Bahia Do Sombrio,Bahia de Castelhanos,Bahia do Sombria,Bahía de Castelhanos,,,,,,,,,,,,,,,,,,,,,,,,,,,,,,,,,,,,,,,,,,,,,,,,,,,,,,,,,,,,,,,
48754,3466759,Ponta do Casqueiro,Ponta do Casqueiro,-28.01667,-48.6,T,PT,BR,,26.0,,,,0,,-9999,America/Sao_Paulo,2012-01-19,Ponta Garopaba,Ponta Garupaba,Ponta do Casqueiro,,,,,,,,,,,,,,,,,,,,,,,,,,,,,,,,,,,,,,,,,,,,,,,,,,,,,,,,,,,,,,,,
48805,3466810,Lagoa do Casamento,Lagoa do Casamento,-30.3,-50.58333,H,LGN,BR,,23.0,,,,0,,-9999,America/Sao_Paulo,1993-12-17,,,,,,,,,,,,,,,,,,,,,,,,,,,,,,,,,,,,,,,,,,,,,,,,,,,,,,,,,,,,,,,,,,,
48814,3466819,Ilha Casa de Pedras,Ilha Casa de Pedras,-22.79631,-43.12162,T,ISL,BR,,21.0,,,,0,,-9999,America/Sao_Paulo,2012-01-19,Ilha Casa de Pedras,,,,,,,,,,,,,,,,,,,,,,,,,,,,,,,,,,,,,,,,,,,,,,,,,,,,,,,,,,,,,,,,,,
48826,3466831,Ponta da Casa,Ponta da Casa,-26.76667,-48.65,T,PT,BR,,26.0,4212502.0,,,0,,30,America/Sao_Paulo,2012-08-03,Ponta da Casa,Ponta da Penha,,,,,,,,,,,,,,,,,,,,,,,,,,,,,,,,,,,,,,,,,,,,,,,,,,,,,,,,,,,,,,,,,
48838,3466843,Barra do Carvalho,Barra do Carvalho,-13.7,-38.93333,H,INLT,BR,,5.0,,,,0,,-9999,America/Bahia,2012-01-19,Barra do Carvalho,Barra dos Carvalhas,Barra dos Carvalhos,,,,,,,,,,,,,,,,,,,,,,,,,,,,,,,,,,,,,,,,,,,,,,,,,,,,,,,,,,,,,,,,
48967,3466972,Ilha dos Cardos,Ilha dos Cardos,-20.33282,-40.2709,T,ISL,BR,,8.0,3205200.0,,,0,,-9999,America/Sao_Paulo,2018-11-29,Ilha dos Cardos,,,,,,,,,,,,,,,,,,,,,,,,,,,,,,,,,,,,,,,,,,,,,,,,,,,,,,,,,,,,,,,,,,
48974,3466979,Rio Caravelas,Rio Caravelas,-17.75,-39.16667,H,STM,BR,,5.0,,,,0,,-9999,America/Bahia,2021-08-23,Caravelas River,Rio Caravelas,,,,,,,,,,,,,,,,,,,,,,,,,,,,,,,,,,,,,,,,,,,,,,,,,,,,,,,,,,,,,,,,,
48996,3467001,Praia do Carapebus,Praia do Carapebus,-22.3,-41.66667,T,BCH,BR,,21.0,,,,0,,-9999,America/Sao_Paulo,2012-12-05,Praia do Carapebus,,,,,,,,,,,,,,,,,,,,,,,,,,,,,,,,,,,,,,,,,,,,,,,,,,,,,,,,,,,,,,,,,,
49003,3467008,Ponta dos Caranguejos,Ponta dos Caranguejos,-22.96667,-44.05,T,PT,BR,,21.0,,,,0,,3,America/Sao_Paulo,2013-03-05,Ponta dos Caranguejos,,,,,,,,,,,,,,,,,,,,,,,,,,,,,,,,,,,,,,,,,,,,,,,,,,,,,,,,,,,,,,,,,,
49042,3467047,Rio Caraíva,Rio Caraiva,-16.80035,-39.14263,H,STM,BR,,5.0,,,,0,,-9999,America/Bahia,2021-08-23,Caraiva River,Caraíva River,Rio Caraiva,Rio Caravira,Rio Caraíva,Rio Cramimuan,,,,,,,,,,,,,,,,,,,,,,,,,,,,,,,,,,,,,,,,,,,,,,,,,,,,,,,,,,,,,
49050,3467055,Caraíbas de Fora,Caraibas de Fora,-22.69457,-43.06396,T,ISL,BR,,21.0,3302502.0,,,0,,-9999,America/Sao_Paulo,2017-12-07,Caraibas de Fora,Caraíbas de Fora,Ilha Caraibas,Ilha Caraíbas,,,,,,,,,,,,,,,,,,,,,,,,,,,,,,,,,,,,,,,,,,,,,,,,,,,,,,,,,,,,,,,
49075,3467080,Enseada de Caraguatatuba,Enseada de Caraguatatuba,-23.66376,-45.33497,H,BAY,BR,,27.0,,,,0,,-9999,America/Sao_Paulo,2013-03-05,Bahia de Cannaveiras,Baia Canavieiras,Baia de Canaveiras,Baía Canavieiras,Enseada de Caraguatatuba,,,,,,,,,,,,,,,,,,,,,,,,,,,,,,,,,,,,,,,,,,,,,,,,,,,,,,,,,,,,,,
49197,3467202,Saco das Capivaras,Saco das Capivaras,-33.56667,-53.46667,H,COVE,BR,,23.0,,,,0,,4,America/Sao_Paulo,1993-12-17,,,,,,,,,,,,,,,,,,,,,,,,,,,,,,,,,,,,,,,,,,,,,,,,,,,,,,,,,,,,,,,,,,,
49200,3467205,Arroio Capivaras,Arroio Capivaras,-30.71667,-51.4,H,STM,BR,,23.0,,,,0,,-9999,America/Sao_Paulo,1993-12-17,,,,,,,,,,,,,,,,,,,,,,,,,,,,,,,,,,,,,,,,,,,,,,,,,,,,,,,,,,,,,,,,,,,
49331,3467336,Ilha Capão Queimado,Ilha Capao Queimado,-20.4,-58.03333,T,ISL,BR,,11.0,,,,0,,76,America/Campo_Grande,2020-06-11,Ilha Capao Queimado,Ilha Capão Queimado,Ilha da Boa Esperanca,,,,,,,,,,,,,,,,,,,,,,,,,,,,,,,,,,,,,,,,,,,,,,,,,,,,,,,,,,,,,,,,
49433,3467438,Ponta Cantagalo,Ponta Cantagalo,-26.78406,-48.58538,T,PT,BR,,26.0,4212502.0,,,0,,6,America/Sao_Paulo,2016-06-13,Ponta Cantagalo,Ponta da Estrela,Ponta das Taquaras,Punta das Estrelas,Punta das Estrêlas,,,,,,,,,,,,,,,,,,,,,,,,,,,,,,,,,,,,,,,,,,,,,,,,,,,,,,,,,,,,,,
49473,3467478,Ponta da Canoa,Ponta da Canoa,-33.05,-53.31667,T,PT,BR,,23.0,,,,0,,0,America/Sao_Paulo,2018-12-05,Ponta da Canoa,,,,,,,,,,,,,,,,,,,,,,,,,,,,,,,,,,,,,,,,,,,,,,,,,,,,,,,,,,,,,,,,,,
49595,3467600,Ponta das Canas,Ponta das Canas,-23.72812,-45.34133,T,PT,BR,,27.0,3520400.0,,,0,,3,America/Sao_Paulo,2016-06-15,Ponta das Canas,,,,,,,,,,,,,,,,,,,,,,,,,,,,,,,,,,,,,,,,,,,,,,,,,,,,,,,,,,,,,,,,,,
49603,3467608,Barra de Cananéia,Barra de Cananeia,-25.06667,-47.9,H,INLT,BR,,27.0,,,,0,,-9999,America/Sao_Paulo,2012-01-19,Barra de Cananea,Barra de Cananeia,Barra de Cananéa,Barra de Cananéia,,,,,,,,,,,,,,,,,,,,,,,,,,,,,,,,,,,,,,,,,,,,,,,,,,,,,,,,,,,,,,,
49663,3467668,Rio Camurugi,Rio Camurugi,-16.26667,-39.01667,H,STM,BR,,5.0,,,,0,,-9999,America/Bahia,2012-12-05,Rio Camurugi,,,,,,,,,,,,,,,,,,,,,,,,,,,,,,,,,,,,,,,,,,,,,,,,,,,,,,,,,,,,,,,,,,
49783,3467788,Pedra do Campo Bom,Pedra do Campo Bom,-28.73333,-49.01667,T,RK,BR,,26.0,,,,0,,-9999,America/Sao_Paulo,2012-01-19,Pedra do Campo Bom,Pedra do Campo Bon,Recife do Campo Bom,,,,,,,,,,,,,,,,,,,,,,,,,,,,,,,,,,,,,,,,,,,,,,,,,,,,,,,,,,,,,,,,
49918,3467923,Ilha do Campeche,Ilha do Campeche,-27.69675,-48.46516,T,ISL,BR,,26.0,,,,0,,43,America/Sao_Paulo,2010-11-22,,,,,,,,,,,,,,,,,,,,,,,,,,,,,,,,,,,,,,,,,,,,,,,,,,,,,,,,,,,,,,,,,,,
49928,3467933,Lagoa do Camorim,Lagoa do Camorim,-22.97825,-43.35581,H,LGN,BR,,21.0,,,,0,,4,America/Sao_Paulo,2019-02-21,Lagoa Camorim,Lagoa de Camorim,Lagoa do Camorim,,,,,,,,,,,,,,,,,,,,,,,,,,,,,,,,,,,,,,,,,,,,,,,,,,,,,,,,,,,,,,,,
49962,3467967,Enseada de Camboriú,Enseada de Camboriu,-26.98333,-48.6,H,BAY,BR,,26.0,,,,0,,-9999,America/Sao_Paulo,2012-01-19,Bahia de Camboriu,Bahia de Camboriú,Baia de Camboriu,Baía de Camboriú,Enseada de Camboriu,Enseada de Camboriú,,,,,,,,,,,,,,,,,,,,,,,,,,,,,,,,,,,,,,,,,,,,,,,,,,,,,,,,,,,,,
49983,3467988,Cambaquara,Cambaquara,-23.83806,-45.39694,P,PPLL,BR,,27.0,3520400.0,,,0,,57,America/Sao_Paulo,2012-08-03,,,,,,,,,,,,,,,,,,,,,,,,,,,,,,,,,,,,,,,,,,,,,,,,,,,,,,,,,,,,,,,,,,,
49985,3467990,Ilha do Cambembe,Ilha do Cambembe,-22.82706,-43.25051,T,ISL,BR,,21.0,,,,0,,6,America/Sao_Paulo,2012-01-19,Ilha Cambambi,Ilha do Cambambe,Ilha do Cambamby,Ilha do Cambambé,Ilha do Cambebe,Ilha do Cambembe,,,,,,,,,,,,,,,,,,,,,,,,,,,,,,,,,,,,,,,,,,,,,,,,,,,,,,,,,,,,,
49993,3467998,Ponta do Camaroeiro,Ponta do Camaroeiro,-23.71667,-45.41667,T,PT,BR,,27.0,,,,0,,24,America/Sao_Paulo,2013-03-05,Ponta do Camaroeiro,,,,,,,,,,,,,,,,,,,,,,,,,,,,,,,,,,,,,,,,,,,,,,,,,,,,,,,,,,,,,,,,,,
